
-- 테이블 순서는 관계를 고려하여 한 번에 실행해도 에러가 발생하지 않게 정렬되었습니다.

DROP TABLE BLACK_LIST;
DROP TABLE INQUIRY;
DROP TABLE NOTICE;
DROP TABLE PAYMENT;
DROP TABLE REVIEW;
DROP TABLE SHOPPING_BASKET;
DROP TABLE PRODUCT_OK;
DROP TABLE ATTACHMENT;
DROP TABLE PRODUCT;
DROP TABLE CATEGORY;
DROP TABLE MEMBER;
DROP SEQUENCE BLACK_LIST_SEQ;
DROP SEQUENCE INQUIRY_SEQ;
DROP SEQUENCE NOTICE_SEQ;
DROP SEQUENCE PAYMENT_SEQ;
DROP SEQUENCE PRODUCT_SEQ;
DROP SEQUENCE PRODUCT_OK_SEQ;
DROP SEQUENCE REVIEW_SEQ;
DROP SEQUENCE ATTACHMENT_SEQ;





-- 사용자 테이블
CREATE TABLE Member
(
    user_id       VARCHAR2(20)    NOT NULL, 
    user_pwd      VARCHAR2(45)    NOT NULL, 
    user_name     VARCHAR2(30)    NOT NULL, 
    birth_date    VARCHAR2(20)    NOT NULL, 
    gender        VARCHAR2(1)     NOT NULL, 
    email         VARCHAR2(45)    NOT NULL, 
    phone         VARCHAR2(20)    NOT NULL, 
    address       VARCHAR2(50)    NOT NULL, 
    join_date     DATE            DEFAULT SYSDATE NOT NULL, 
    Withdrawal    VARCHAR2(1)     DEFAULT 'N' NOT NULL, 
    black_code    VARCHAR2(1)     DEFAULT 'N' NOT NULL, 
    CONSTRAINT MEMBER_PK PRIMARY KEY (user_id)
)
/

COMMENT ON TABLE Member IS '회원가입'
/

COMMENT ON COLUMN Member.user_id IS '아이디'
/

COMMENT ON COLUMN Member.user_pwd IS '비밀번호'
/

COMMENT ON COLUMN Member.user_name IS '이름'
/

COMMENT ON COLUMN Member.birth_date IS '생년월일'
/

COMMENT ON COLUMN Member.gender IS '성별'
/

COMMENT ON COLUMN Member.email IS '이메일'
/

COMMENT ON COLUMN Member.phone IS '전화번호'
/

COMMENT ON COLUMN Member.address IS '주소'
/

COMMENT ON COLUMN Member.join_date IS '가입일'
/

COMMENT ON COLUMN Member.Withdrawal IS '탈퇴여부'
/

COMMENT ON COLUMN Member.black_code IS '구분'
/

INSERT INTO MEMBER VALUES('user01', 'pass01', '김가가', '000101', 'M', 'euser01@naver.com', '01011111111', '서울시', SYSDATE, 'N', 'N');
INSERT INTO MEMBER VALUES('user02', 'pass02', '김가나', '000102', 'F', 'euser02@naver.com', '01011111112', '서울시', SYSDATE, 'N', 'N');
INSERT INTO MEMBER VALUES('user03', 'pass03', '김가다', '000103', 'M', 'euser03@naver.com', '01011111113', '서울시', SYSDATE, 'N', 'N');
INSERT INTO MEMBER VALUES('user04', 'pass04', '김가라', '000104', 'F', 'euser04@naver.com', '01011111114', '서울시', SYSDATE, 'N', 'N');
INSERT INTO MEMBER VALUES('user05', 'pass05', '김가마', '000105', 'M', 'euser05@naver.com', '01011111115', '서울시', SYSDATE, 'N', 'N');
INSERT INTO MEMBER VALUES('user06', 'pass06', '김가바', '000106', 'F', 'euser06@naver.com', '01011111116', '서울시', SYSDATE, 'N', 'N');
INSERT INTO MEMBER VALUES('user07', 'pass07', '김가사', '000107', 'M', 'euser07@naver.com', '01011111117', '서울시', SYSDATE, 'N', 'N');
INSERT INTO MEMBER VALUES('user08', 'pass08', '김가아', '000108', 'F', 'euser08@naver.com', '01011111118', '서울시', SYSDATE, 'N', 'N');
INSERT INTO MEMBER VALUES('user09', 'pass09', '김가자', '000109', 'M', 'euser09@naver.com', '01011111119', '서울시', SYSDATE, 'N', 'N');
INSERT INTO MEMBER VALUES('user10', 'pass10', '김가차', '000110', 'F', 'euser10@naver.com', '01011111120', '서울시', SYSDATE, 'N', 'N');
INSERT INTO MEMBER VALUES('user11', 'pass11', '김가카', '000111', 'M', 'euser11@naver.com', '01011111121', '서울시', SYSDATE, 'N', 'N');
INSERT INTO MEMBER VALUES('user12', 'pass12', '김가타', '000112', 'F', 'euser12@naver.com', '01011111122', '서울시', SYSDATE, 'N', 'N');
INSERT INTO MEMBER VALUES('user13', 'pass13', '김가파', '000113', 'M', 'euser13@naver.com', '01011111123', '서울시', SYSDATE, 'N', 'N');
INSERT INTO MEMBER VALUES('user14', 'pass14', '김가하', '000114', 'F', 'euser14@naver.com', '01011111124', '서울시', SYSDATE, 'N', 'N');
INSERT INTO MEMBER VALUES('user15', 'pass15', '김나가', '000115', 'M', 'euser15@naver.com', '01011111125', '서울시', SYSDATE, 'N', 'N');
INSERT INTO MEMBER VALUES('user16', 'pass16', '김나나', '000116', 'F', 'euser16@naver.com', '01011111126', '서울시', SYSDATE, 'N', 'N');
INSERT INTO MEMBER VALUES('user17', 'pass17', '김나다', '000117', 'M', 'euser17@naver.com', '01011111127', '서울시', SYSDATE, 'N', 'N');
INSERT INTO MEMBER VALUES('user18', 'pass18', '김나라', '000118', 'F', 'euser18@naver.com', '01011111128', '서울시', SYSDATE, 'N', 'N');
INSERT INTO MEMBER VALUES('user19', 'pass19', '김나마', '000119', 'M', 'euser19@naver.com', '01011111129', '서울시', SYSDATE, 'N', 'N');
INSERT INTO MEMBER VALUES('user20', 'pass20', '김나바', '000120', 'F', 'euser20@naver.com', '01011111130', '서울시', SYSDATE, 'N', 'N');
INSERT INTO MEMBER VALUES('ben01', 'ben01', '김하하', '001001', 'M', 'guser01@gmail.com', '01022221111', '서우시', SYSDATE, 'N', 'N');
INSERT INTO MEMBER VALUES('ben02', 'ben02', '김하파', '001002', 'F', 'guser02@gmail.com', '01022221112', '서우시', SYSDATE, 'N', 'N');


-- 블랙리스트  테이블
CREATE TABLE Black_list
(
    report_no          NUMBER           NOT NULL, 
    black_id           VARCHAR2(20)     NOT NULL, 
    reporter_id        VARCHAR2(20)     NOT NULL, 
    reporter_date      DATE             NOT NULL, 
    reporter_reason    VARCHAR2(100)    NOT NULL, 
    CONSTRAINT BLACK_LIST_PK PRIMARY KEY (report_no)
)
/

CREATE SEQUENCE Black_list_SEQ

/

COMMENT ON TABLE Black_list IS '블랙리스트'
/

COMMENT ON COLUMN Black_list.report_no IS '신고번호'
/

COMMENT ON COLUMN Black_list.black_id IS '블랙자'
/

COMMENT ON COLUMN Black_list.reporter_id IS '신고자'
/

COMMENT ON COLUMN Black_list.reporter_date IS '신고일자'
/

COMMENT ON COLUMN Black_list.reporter_reason IS '신고사유'
/

ALTER TABLE Black_list
    ADD CONSTRAINT FK_Black_list_reporter_id_Memb FOREIGN KEY (reporter_id)
        REFERENCES Member (user_id)
/

ALTER TABLE Black_list
    ADD CONSTRAINT FK_Black_list_black_id_Member_ FOREIGN KEY (black_id)
        REFERENCES Member (user_id)
/

-- 블랙리스트 추가시 회원테이블 상태 변경
CREATE OR REPLACE TRIGGER BLACK_CODE_UPDATE
AFTER INSERT
ON BLACK_LIST
FOR EACH ROW
BEGIN
    UPDATE MEMBER
    SET BLACK_CODE = 'Y'
    WHERE USER_ID = :NEW.BLACK_ID;
END;
/

-- 블랙리스트 추가시 상품테이블 승인상태 N로 변경
CREATE OR REPLACE TRIGGER BLACK_CODE_UPDATE2
AFTER INSERT
ON BLACK_LIST
FOR EACH ROW
BEGIN
    UPDATE Product
    SET APPROVAL = 'N'
    WHERE P_ID = :NEW.BLACK_ID;
    
END;
/

INSERT INTO BLACK_LIST VALUES(BLACK_LIST_SEQ.NEXTVAL, 'ben01', 'user01', SYSDATE, '호날두');
INSERT INTO BLACK_LIST VALUES(BLACK_LIST_SEQ.NEXTVAL, 'ben02', 'user02', SYSDATE, '이시국에');





-- 카테고리 테이블
CREATE TABLE Category
(
    category_code    VARCHAR2(20)    NOT NULL, 
    category_name    VARCHAR2(30)    NOT NULL, 
    CONSTRAINT CATEGORY_PK PRIMARY KEY (category_code)
)
/

COMMENT ON TABLE Category IS '제품카테고리'
/

COMMENT ON COLUMN Category.category_code IS '카테고리코드'
/

COMMENT ON COLUMN Category.category_name IS '카테고리이름'
/

INSERT INTO CATEGORY VALUES('99', 'ETC');
INSERT INTO CATEGORY VALUES('01', '남성의류');
INSERT INTO CATEGORY VALUES('02', '여성의류');
INSERT INTO CATEGORY VALUES('03', '귀금속');
INSERT INTO CATEGORY VALUES('04', '기타의류잡화');
INSERT INTO CATEGORY VALUES('05', '미용');
INSERT INTO CATEGORY VALUES('06', '출산/육아');
INSERT INTO CATEGORY VALUES('07', '모바일');
INSERT INTO CATEGORY VALUES('08', '상품권/티켓/쿠폰');
INSERT INTO CATEGORY VALUES('09', '영화/연극/공연');
INSERT INTO CATEGORY VALUES('10', '스타 굿즈');
INSERT INTO CATEGORY VALUES('11', '여행/여가');
INSERT INTO CATEGORY VALUES('12', '컴퓨터');
INSERT INTO CATEGORY VALUES('13', '카메라');
INSERT INTO CATEGORY VALUES('14', '음악/음향/악기');
INSERT INTO CATEGORY VALUES('15', '게임용품');
INSERT INTO CATEGORY VALUES('16', '골프');
INSERT INTO CATEGORY VALUES('17', '스포츠레저');
INSERT INTO CATEGORY VALUES('18', '자전거');
INSERT INTO CATEGORY VALUES('19', '생활용품');
INSERT INTO CATEGORY VALUES('20', '가구');
INSERT INTO CATEGORY VALUES('21', '예술/미술/취미');
INSERT INTO CATEGORY VALUES('22', '키덜트');
INSERT INTO CATEGORY VALUES('23', '도서관련');


-- 상품테이블
CREATE TABLE Product
(
    product_no          NUMBER            NOT NULL, 
    p_id                VARCHAR2(20)      NOT NULL, 
    price               NUMBER            NOT NULL, 
    category_code       VARCHAR2(20)      NOT NULL, 
    Approval            VARCHAR2(1)       DEFAULT 'N' NOT NULL, 
    product_title       VARCHAR2(1000)    NOT NULL,  
    product_Contents    VARCHAR2(1000)    NOT NULL, 
    reg_date            DATE              DEFAULT SYSDATE NOT NULL, 
    product_state       VARCHAR2(1)       DEFAULT 'N' NULL,
    status	       VARCHAR2(1)	  DEFAULT 'Y' NOT NULL,
    CONSTRAINT PRODUCT_PK PRIMARY KEY (product_no)
)
/

CREATE SEQUENCE Product_SEQ

/

COMMENT ON TABLE Product IS '상품등록'
/

COMMENT ON COLUMN Product.product_no IS '판매대기번호'
/

COMMENT ON COLUMN Product.p_id IS '판매자아이디'
/

COMMENT ON COLUMN Product.price IS '판매가격'
/

COMMENT ON COLUMN Product.category_code IS '카테고리코드'
/

COMMENT ON COLUMN Product.Approval IS '상품승인'
/

COMMENT ON COLUMN Product.product_title IS '상품제목'
/

COMMENT ON COLUMN Product.product_Contents IS '상품내용'
/

COMMENT ON COLUMN Product.reg_date IS '등록 날짜'
/

COMMENT ON COLUMN Product.product_state IS '판매완료상태'
/

COMMENT ON COLUMN Product.status IS '판매 글 상태'
/


ALTER TABLE Product
    ADD CONSTRAINT FK_Product_p_id_Mem FOREIGN KEY (p_id)
        REFERENCES Member (user_id)
/

ALTER TABLE Product
    ADD CONSTRAINT FK_Product_category FOREIGN KEY (category_code)
        REFERENCES Category (category_code)
/


INSERT INTO PRODUCT VALUES (PRODUCT_SEQ.NEXTVAL,'user10',35000.0,'04','N','신발 팔아요','신발 팔아요~~~~~ ', DEFAULT, DEFAULT, DEFAULT);
INSERT INTO PRODUCT VALUES (PRODUCT_SEQ.NEXTVAL,'user11',15000.0,'01','N','남성 GAP 후드티 팔아요','남성 GAP 후드티 팔아요~~', DEFAULT, DEFAULT, DEFAULT);
INSERT INTO PRODUCT  VALUES (PRODUCT_SEQ.NEXTVAL,'user12',8000.0,'01','N','바지 팔아요','편한 바지 팔아요', DEFAULT, DEFAULT, DEFAULT);
INSERT INTO PRODUCT VALUES (PRODUCT_SEQ.NEXTVAL,'user13',32000.0,'02','N','바지 팔아요','바지 2종류 팔아요', DEFAULT, DEFAULT, DEFAULT);
INSERT INTO PRODUCT VALUES (PRODUCT_SEQ.NEXTVAL,'user14',25000.0,'02','N','반바지 팔아요','반바지 팔아요 시원해요~~', DEFAULT, DEFAULT, DEFAULT);
INSERT INTO PRODUCT VALUES (PRODUCT_SEQ.NEXTVAL,'user15',20000.0,'01','N','티필아요','티팔아요~~ 긴팔이요~~', DEFAULT, DEFAULT, DEFAULT);
INSERT INTO PRODUCT VALUES (PRODUCT_SEQ.NEXTVAL,'user16',45000.0,'02','N','티필아요','티팔아요~~ 긴팔이요~~', DEFAULT, DEFAULT, DEFAULT);
INSERT INTO PRODUCT VALUES (PRODUCT_SEQ.NEXTVAL,'user17',70000.0,'02','N','외투필아요','외투필아요', DEFAULT, DEFAULT, DEFAULT);
INSERT INTO PRODUCT VALUES (PRODUCT_SEQ.NEXTVAL,'user10',35000.0,'02','N','청바지 팔아요','청바지 팔아요', DEFAULT, DEFAULT, DEFAULT);
INSERT INTO PRODUCT VALUES (PRODUCT_SEQ.NEXTVAL,'user11',55000.0,'04','N','신발 팔아요','신발 팔아요~~~~~ ', DEFAULT, DEFAULT, DEFAULT);
INSERT INTO PRODUCT VALUES (PRODUCT_SEQ.NEXTVAL,'user12',45000.0,'03','N','이쁜 귀걸이 팔아요','이쁜 귀걸이 팔아요', DEFAULT, DEFAULT, DEFAULT); 
INSERT INTO PRODUCT VALUES (PRODUCT_SEQ.NEXTVAL,'user13',75000.0,'03','N','이쁜 반지 팔아요','이쁜 반지 팔아요', DEFAULT, DEFAULT, DEFAULT); 
INSERT INTO PRODUCT VALUES (PRODUCT_SEQ.NEXTVAL,'user14',25000.0,'03','N','팔찌 팔아요','팔찌 팔아요', DEFAULT, DEFAULT, DEFAULT); 
INSERT INTO PRODUCT VALUES (PRODUCT_SEQ.NEXTVAL,'user15',120000.0,'04','N','시계 팔아요','시계 팔아요', DEFAULT, DEFAULT, DEFAULT); 
INSERT INTO PRODUCT VALUES (PRODUCT_SEQ.NEXTVAL,'user16',170000.0,'04','N','시계 팔아요','시계 팔아요', DEFAULT, DEFAULT, DEFAULT); 
INSERT INTO PRODUCT VALUES (PRODUCT_SEQ.NEXTVAL,'user17',3000.0,'04','N','양말 팔아요','양말 팔아요', DEFAULT, DEFAULT, DEFAULT); 
INSERT INTO PRODUCT VALUES (PRODUCT_SEQ.NEXTVAL,'user10',20000.0,'04','N','모자 팔아요','모자 팔아요', DEFAULT, DEFAULT, DEFAULT); 
INSERT INTO PRODUCT VALUES (PRODUCT_SEQ.NEXTVAL,'user11',30000.0,'04','N','여성 장갑 팔아요','여성장갑 팔아요', DEFAULT, DEFAULT, DEFAULT); 
INSERT INTO PRODUCT VALUES (PRODUCT_SEQ.NEXTVAL,'user12',25000.0,'04','N','넥타이팔아요','넥타이팔아요', DEFAULT, DEFAULT, DEFAULT); 
INSERT INTO PRODUCT VALUES (PRODUCT_SEQ.NEXTVAL,'user13',22000.0,'04','N','스카프 팔아요','스카프 팔아요', DEFAULT, DEFAULT, DEFAULT); 
INSERT INTO PRODUCT VALUES (PRODUCT_SEQ.NEXTVAL,'user14',23000.0,'05','N','컨실러 팔아요','컨실러 팔아요', DEFAULT, DEFAULT, DEFAULT); 
INSERT INTO PRODUCT VALUES (PRODUCT_SEQ.NEXTVAL,'user15',21000.0,'05','N','글로우 파우더 팔아요','글로우 파우더 팔아요', DEFAULT, DEFAULT, DEFAULT); 
INSERT INTO PRODUCT VALUES (PRODUCT_SEQ.NEXTVAL,'user16',21000.0,'05','N','화장품 팔아요','화장품 팔아요', DEFAULT, DEFAULT, DEFAULT); 
INSERT INTO PRODUCT VALUES (PRODUCT_SEQ.NEXTVAL,'user17',24000.0,'05','N','립스팁 팔아요','립스팁 팔아요', DEFAULT, DEFAULT, DEFAULT);
INSERT INTO PRODUCT VALUES (PRODUCT_SEQ.NEXTVAL,'user10',450000.0,'06','N','아동용 칸막이 팔아요','아동용 칸막이 팔아요', DEFAULT, DEFAULT, DEFAULT); 
INSERT INTO PRODUCT VALUES (PRODUCT_SEQ.NEXTVAL,'user11',65000.0,'06','N','아동 옷 팔아요','아동 옷 팔아요', DEFAULT, DEFAULT, DEFAULT); 
INSERT INTO PRODUCT VALUES (PRODUCT_SEQ.NEXTVAL,'user12',65000.0,'06','N','아동 옷 팔아요','아동 옷 팔아요', DEFAULT, DEFAULT, DEFAULT); 
INSERT INTO PRODUCT VALUES (PRODUCT_SEQ.NEXTVAL,'user13',100000.0,'06','N','유모차 팔아요','유모차 팔아요', DEFAULT, DEFAULT, DEFAULT); 
INSERT INTO PRODUCT VALUES (PRODUCT_SEQ.NEXTVAL,'user14',70000.0,'06','N','아이용품 팔아요','아이용품 팔아요', DEFAULT, DEFAULT, DEFAULT); 
INSERT INTO PRODUCT VALUES (PRODUCT_SEQ.NEXTVAL,'user15',30000.0,'07','N','핸드폰케이스팔아요','핸드폰케이스팔아요', DEFAULT, DEFAULT, DEFAULT); 
INSERT INTO PRODUCT VALUES (PRODUCT_SEQ.NEXTVAL,'user16',500000.0,'07','N','핸드폰 팔아요','핸드폰 팔아요', DEFAULT, DEFAULT, DEFAULT); 
INSERT INTO PRODUCT VALUES (PRODUCT_SEQ.NEXTVAL,'user17',500000.0,'07','N','핸드폰 팔아요','핸드폰 팔아요', DEFAULT, DEFAULT, DEFAULT); 
INSERT INTO PRODUCT VALUES (PRODUCT_SEQ.NEXTVAL,'user02',500000.0,'07','N','핸드폰 팔아요','핸드폰 팔아요', DEFAULT, DEFAULT, DEFAULT); 
INSERT INTO PRODUCT VALUES (PRODUCT_SEQ.NEXTVAL,'user05',500000.0,'07','N','핸드폰 팔아요','핸드폰 팔아요', DEFAULT, DEFAULT, DEFAULT); 
INSERT INTO PRODUCT VALUES (PRODUCT_SEQ.NEXTVAL,'user08',700000.0,'12','N','노트북팔아요','노트북팔아요', DEFAULT, DEFAULT, DEFAULT); 
INSERT INTO PRODUCT VALUES (PRODUCT_SEQ.NEXTVAL,'user01',300000.0,'12','N','모니터 팔아요','모니터팔아요', DEFAULT, DEFAULT, DEFAULT); 
INSERT INTO PRODUCT VALUES (PRODUCT_SEQ.NEXTVAL,'user07',700000.0,'12','N','노트북팔아요','노트북팔아요', DEFAULT, DEFAULT, DEFAULT); 
INSERT INTO PRODUCT VALUES (PRODUCT_SEQ.NEXTVAL,'user10',300000.0,'12','N','모니터 팔아요','모니터팔아요', DEFAULT, DEFAULT, DEFAULT); 
INSERT INTO PRODUCT VALUES (PRODUCT_SEQ.NEXTVAL,'user20',300000.0,'12','N','모니터 팔아요','모니터팔아요', DEFAULT, DEFAULT, DEFAULT); 
INSERT INTO PRODUCT VALUES (PRODUCT_SEQ.NEXTVAL,'user07',600000.0,'14','N','기타 팔아요','기타 팔아요', DEFAULT, DEFAULT, DEFAULT); 
INSERT INTO PRODUCT VALUES (PRODUCT_SEQ.NEXTVAL,'user01',220000.0,'15','N','닌텐도팔아요','닌텐도팔아요', DEFAULT, DEFAULT, DEFAULT); 
INSERT INTO PRODUCT VALUES (PRODUCT_SEQ.NEXTVAL,'user15',400000.0,'15','N','플스팔아요','플스팔아요', DEFAULT, DEFAULT, DEFAULT);

-- 사진테이블
CREATE TABLE ATTACHMENT
(
    f_ID           NUMBER            NOT NULL, 
    product_no           NUMBER            NOT NULL, 
    ORIGIN_NAME    VARCHAR2(255)     NOT NULL, 
    CHANGE_NAME    VARCHAR2(255)     NOT NULL, 
    FILE_PATH      VARCHAR2(1000)    NOT NULL, 
    FILE_LEVEL     NUMBER            NOT NULL, 
    CONSTRAINT ATTACHMENT_PK PRIMARY KEY (F_ID)
)
/

CREATE SEQUENCE ATTACHMENT_SEQ

/

COMMENT ON TABLE ATTACHMENT IS '사진등록'
/

COMMENT ON COLUMN ATTACHMENT.F_ID IS '사진등록번호'
/

COMMENT ON COLUMN ATTACHMENT.product_no IS '판매대기번호'
/

COMMENT ON COLUMN ATTACHMENT.ORIGIN_NAME IS '사진원본이름'
/

COMMENT ON COLUMN ATTACHMENT.CHANGE_NAME IS '사진저장이름'
/

COMMENT ON COLUMN ATTACHMENT.FILE_PATH IS '사진저장위치'
/

COMMENT ON COLUMN ATTACHMENT.FILE_LEVEL IS '사진레벨'
/

ALTER TABLE ATTACHMENT
    ADD CONSTRAINT FK_ATTACHMENT_product_no FOREIGN KEY (product_no)
        REFERENCES Product (product_no)
/



INSERT INTO ATTACHMENT (F_ID, PRODUCT_NO, ORIGIN_NAME, CHANGE_NAME, FILE_PATH, FILE_LEVEL) 
VALUES (ATTACHMENT_SEQ.NEXTVAL, 1.0, '0011.jpg', '20190822095044853001.jpg', 'C:\Pigeon_Market\semi\Pigeon_Market\WebContent\resources\thumbnail_uploadFiles/', 1.0);

INSERT INTO ATTACHMENT (F_ID, PRODUCT_NO, ORIGIN_NAME, CHANGE_NAME, FILE_PATH, FILE_LEVEL) 
VALUES (ATTACHMENT_SEQ.NEXTVAL, 1.0, 'ok.jpg', '20190822095044853002.jpg', 'C:\Pigeon_Market\semi\Pigeon_Market\WebContent\resources\thumbnail_uploadFiles/', 2.0);

INSERT INTO ATTACHMENT (F_ID, PRODUCT_NO, ORIGIN_NAME, CHANGE_NAME, FILE_PATH, FILE_LEVEL) 
VALUES (ATTACHMENT_SEQ.NEXTVAL, 1.0, '0012.jpg', '20190822095044853003.jpg', 'C:\Pigeon_Market\semi\Pigeon_Market\WebContent\resources\thumbnail_uploadFiles/', 0.0);

INSERT INTO ATTACHMENT (F_ID, PRODUCT_NO, ORIGIN_NAME, CHANGE_NAME, FILE_PATH, FILE_LEVEL) 
VALUES (ATTACHMENT_SEQ.NEXTVAL, 1.0, '0013.jpg', '20190822095044853004.jpg', 'C:\Pigeon_Market\semi\Pigeon_Market\WebContent\resources\thumbnail_uploadFiles/', 0.0);

INSERT INTO ATTACHMENT (F_ID, PRODUCT_NO, ORIGIN_NAME, CHANGE_NAME, FILE_PATH, FILE_LEVEL) 
VALUES (ATTACHMENT_SEQ.NEXTVAL, 1.0, '0014.jpg', '20190822095044853005.jpg', 'C:\Pigeon_Market\semi\Pigeon_Market\WebContent\resources\thumbnail_uploadFiles/', 0.0);

INSERT INTO ATTACHMENT (F_ID, PRODUCT_NO, ORIGIN_NAME, CHANGE_NAME, FILE_PATH, FILE_LEVEL) 
VALUES (ATTACHMENT_SEQ.NEXTVAL, 2.0, '0021.jpg', '20190822105044853001.jpg', 'C:\Pigeon_Market\semi\Pigeon_Market\WebContent\resources\thumbnail_uploadFiles/', 1.0);

INSERT INTO ATTACHMENT (F_ID, PRODUCT_NO, ORIGIN_NAME, CHANGE_NAME, FILE_PATH, FILE_LEVEL) 
VALUES (ATTACHMENT_SEQ.NEXTVAL, 2.0, 'ok.jpg', '20190822105044853002.jpg', 'C:\Pigeon_Market\semi\Pigeon_Market\WebContent\resources\thumbnail_uploadFiles/', 2.0);

INSERT INTO ATTACHMENT (F_ID, PRODUCT_NO, ORIGIN_NAME, CHANGE_NAME, FILE_PATH, FILE_LEVEL) 
VALUES (ATTACHMENT_SEQ.NEXTVAL, 2.0, '0023.jpg', '20190822105044853003.jpg', 'C:\Pigeon_Market\semi\Pigeon_Market\WebContent\resources\thumbnail_uploadFiles/', 0.0);

INSERT INTO ATTACHMENT (F_ID, PRODUCT_NO, ORIGIN_NAME, CHANGE_NAME, FILE_PATH, FILE_LEVEL) 
VALUES (ATTACHMENT_SEQ.NEXTVAL, 2.0, '0024.jpg', '20190822105044853004.jpg', 'C:\Pigeon_Market\semi\Pigeon_Market\WebContent\resources\thumbnail_uploadFiles/', 0.0);

INSERT INTO ATTACHMENT (F_ID, PRODUCT_NO, ORIGIN_NAME, CHANGE_NAME, FILE_PATH, FILE_LEVEL) 
VALUES (ATTACHMENT_SEQ.NEXTVAL, 2.0, '0025.jpg', '20190822105044853005.jpg', 'C:\Pigeon_Market\semi\Pigeon_Market\WebContent\resources\thumbnail_uploadFiles/', 0.0);

INSERT INTO ATTACHMENT (F_ID, PRODUCT_NO, ORIGIN_NAME, CHANGE_NAME, FILE_PATH, FILE_LEVEL) 
VALUES (ATTACHMENT_SEQ.NEXTVAL, 3.0, '0031.jpg', '20190822115044853001.jpg', 'C:\Pigeon_Market\semi\Pigeon_Market\WebContent\resources\thumbnail_uploadFiles/', 1.0);

INSERT INTO ATTACHMENT (F_ID, PRODUCT_NO, ORIGIN_NAME, CHANGE_NAME, FILE_PATH, FILE_LEVEL) 
VALUES(ATTACHMENT_SEQ.NEXTVAL, 3.0, 'ok.jpg', '20190822115044853002.jpg', 'C:\Pigeon_Market\semi\Pigeon_Market\WebContent\resources\thumbnail_uploadFiles/', 2.0);

INSERT INTO ATTACHMENT (F_ID, PRODUCT_NO, ORIGIN_NAME, CHANGE_NAME, FILE_PATH, FILE_LEVEL) 
VALUES(ATTACHMENT_SEQ.NEXTVAL, 3.0, '0032.jpg', '20190822115044853003.jpg', 'C:\Pigeon_Market\semi\Pigeon_Market\WebContent\resources\thumbnail_uploadFiles/', 0.0);

INSERT INTO ATTACHMENT (F_ID, PRODUCT_NO, ORIGIN_NAME, CHANGE_NAME, FILE_PATH, FILE_LEVEL) 
VALUES (ATTACHMENT_SEQ.NEXTVAL, 3.0, '0033.jpg', '20190822115044853004.jpg', 'C:\Pigeon_Market\semi\Pigeon_Market\WebContent\resources\thumbnail_uploadFiles/', 0.0);

INSERT INTO ATTACHMENT (F_ID, PRODUCT_NO, ORIGIN_NAME, CHANGE_NAME, FILE_PATH, FILE_LEVEL) 
VALUES(ATTACHMENT_SEQ.NEXTVAL, 3.0, '0034.jpg', '20190822115044853005.jpg', 'C:\Pigeon_Market\semi\Pigeon_Market\WebContent\resources\thumbnail_uploadFiles/', 0.0);

INSERT INTO ATTACHMENT (F_ID, PRODUCT_NO, ORIGIN_NAME, CHANGE_NAME, FILE_PATH, FILE_LEVEL) 
VALUES (ATTACHMENT_SEQ.NEXTVAL,4.0, '0041.jpg', '20190822125044853001.jpg', 'C:\Pigeon_Market\semi\Pigeon_Market\WebContent\resources\thumbnail_uploadFiles/', 1.0);

INSERT INTO ATTACHMENT (F_ID, PRODUCT_NO, ORIGIN_NAME, CHANGE_NAME, FILE_PATH, FILE_LEVEL) 
VALUES (ATTACHMENT_SEQ.NEXTVAL, 4.0, 'ok.jpg', '20190822125044853002.jpg', 'C:\Pigeon_Market\semi\Pigeon_Market\WebContent\resources\thumbnail_uploadFiles/', 2.0);

INSERT INTO ATTACHMENT (F_ID, PRODUCT_NO, ORIGIN_NAME, CHANGE_NAME, FILE_PATH, FILE_LEVEL) 
VALUES (ATTACHMENT_SEQ.NEXTVAL, 4.0, '0042.jpg', '20190822125044853003.jpg', 'C:\Pigeon_Market\semi\Pigeon_Market\WebContent\resources\thumbnail_uploadFiles/', 0.0);

INSERT INTO ATTACHMENT (F_ID, PRODUCT_NO, ORIGIN_NAME, CHANGE_NAME, FILE_PATH, FILE_LEVEL) 
VALUES (ATTACHMENT_SEQ.NEXTVAL, 4.0, '0043.jpg', '20190822125044853004.jpg', 'C:\Pigeon_Market\semi\Pigeon_Market\WebContent\resources\thumbnail_uploadFiles/', 0.0);

INSERT INTO ATTACHMENT (F_ID, PRODUCT_NO, ORIGIN_NAME, CHANGE_NAME, FILE_PATH, FILE_LEVEL) 
VALUES (ATTACHMENT_SEQ.NEXTVAL, 4.0, '0044.jpg', '20190822125044853005.jpg', 'C:\Pigeon_Market\semi\Pigeon_Market\WebContent\resources\thumbnail_uploadFiles/', 0.0);

INSERT INTO ATTACHMENT (F_ID, PRODUCT_NO, ORIGIN_NAME, CHANGE_NAME, FILE_PATH, FILE_LEVEL) 
VALUES (ATTACHMENT_SEQ.NEXTVAL, 5.0, '0051.jpg', '20190823092044853001.jpg', 'C:\Pigeon_Market\semi\Pigeon_Market\WebContent\resources\thumbnail_uploadFiles/', 1.0);

INSERT INTO ATTACHMENT (F_ID, PRODUCT_NO, ORIGIN_NAME, CHANGE_NAME, FILE_PATH, FILE_LEVEL) 
VALUES (ATTACHMENT_SEQ.NEXTVAL, 5.0, 'ok.jpg', '20190823092044853002.jpg', 'C:\Pigeon_Market\semi\Pigeon_Market\WebContent\resources\thumbnail_uploadFiles/', 2.0);

INSERT INTO ATTACHMENT (F_ID, PRODUCT_NO, ORIGIN_NAME, CHANGE_NAME, FILE_PATH, FILE_LEVEL) 
VALUES(ATTACHMENT_SEQ.NEXTVAL, 5.0, '0052.jpg', '20190823092044853003.jpg', 'C:\Pigeon_Market\semi\Pigeon_Market\WebContent\resources\thumbnail_uploadFiles/', 0.0);

INSERT INTO ATTACHMENT (F_ID, PRODUCT_NO, ORIGIN_NAME, CHANGE_NAME, FILE_PATH, FILE_LEVEL) 
VALUES (ATTACHMENT_SEQ.NEXTVAL, 5.0, '0053.jpg', '20190823092044853004.jpg', 'C:\Pigeon_Market\semi\Pigeon_Market\WebContent\resources\thumbnail_uploadFiles/', 0.0);

INSERT INTO ATTACHMENT (F_ID, PRODUCT_NO, ORIGIN_NAME, CHANGE_NAME, FILE_PATH, FILE_LEVEL) 
VALUES(ATTACHMENT_SEQ.NEXTVAL, 5.0, '0054.jpg', '20190823092044853005.jpg', 'C:\Pigeon_Market\semi\Pigeon_Market\WebContent\resources\thumbnail_uploadFiles/', 0.0);

INSERT INTO ATTACHMENT (F_ID, PRODUCT_NO, ORIGIN_NAME, CHANGE_NAME, FILE_PATH, FILE_LEVEL) 
VALUES (ATTACHMENT_SEQ.NEXTVAL, 6.0, '0061.jpg', '20190823102044853001.jpg', 'C:\Pigeon_Market\semi\Pigeon_Market\WebContent\resources\thumbnail_uploadFiles/', 1.0);

INSERT INTO ATTACHMENT (F_ID, PRODUCT_NO, ORIGIN_NAME, CHANGE_NAME, FILE_PATH, FILE_LEVEL) 
VALUES (ATTACHMENT_SEQ.NEXTVAL, 6.0, 'ok.jpg', '20190823102044853002.jpg', 'C:\Pigeon_Market\semi\Pigeon_Market\WebContent\resources\thumbnail_uploadFiles/', 2.0);

INSERT INTO ATTACHMENT (F_ID, PRODUCT_NO, ORIGIN_NAME, CHANGE_NAME, FILE_PATH, FILE_LEVEL) 
VALUES (ATTACHMENT_SEQ.NEXTVAL, 6.0, '0062.jpg', '20190823102044853003.jpg', 'C:\Pigeon_Market\semi\Pigeon_Market\WebContent\resources\thumbnail_uploadFiles/', 0.0);

INSERT INTO ATTACHMENT (F_ID, PRODUCT_NO, ORIGIN_NAME, CHANGE_NAME, FILE_PATH, FILE_LEVEL) 
VALUES(ATTACHMENT_SEQ.NEXTVAL, 6.0, '0063.jpg', '20190823102044853004.jpg', 'C:\Pigeon_Market\semi\Pigeon_Market\WebContent\resources\thumbnail_uploadFiles/', 0.0);

INSERT INTO ATTACHMENT (F_ID, PRODUCT_NO, ORIGIN_NAME, CHANGE_NAME, FILE_PATH, FILE_LEVEL) 
VALUES(ATTACHMENT_SEQ.NEXTVAL,6.0, '0064.jpg', '20190823102044853005.jpg', 'C:\Pigeon_Market\semi\Pigeon_Market\WebContent\resources\thumbnail_uploadFiles/', 0.0);

INSERT INTO ATTACHMENT (F_ID, PRODUCT_NO, ORIGIN_NAME, CHANGE_NAME, FILE_PATH, FILE_LEVEL) 
VALUES (ATTACHMENT_SEQ.NEXTVAL, 7.0, '0071.jpg', '20190823112044853001.jpg', 'C:\Pigeon_Market\semi\Pigeon_Market\WebContent\resources\thumbnail_uploadFiles/', 1.0);

INSERT INTO ATTACHMENT (F_ID, PRODUCT_NO, ORIGIN_NAME, CHANGE_NAME, FILE_PATH, FILE_LEVEL) 
VALUES(ATTACHMENT_SEQ.NEXTVAL, 7.0, 'ok.jpg', '20190823112044853002.jpg', 'C:\Pigeon_Market\semi\Pigeon_Market\WebContent\resources\thumbnail_uploadFiles/', 2.0);

INSERT INTO ATTACHMENT (F_ID, PRODUCT_NO, ORIGIN_NAME, CHANGE_NAME, FILE_PATH, FILE_LEVEL) 
VALUES (ATTACHMENT_SEQ.NEXTVAL,7.0, '0072.jpg', '20190823112044853003.jpg', 'C:\Pigeon_Market\semi\Pigeon_Market\WebContent\resources\thumbnail_uploadFiles/', 0.0);

INSERT INTO ATTACHMENT (F_ID, PRODUCT_NO, ORIGIN_NAME, CHANGE_NAME, FILE_PATH, FILE_LEVEL) 
VALUES (ATTACHMENT_SEQ.NEXTVAL,7.0, '0072.jpg', '20190823112044853004.jpg', 'C:\Pigeon_Market\semi\Pigeon_Market\WebContent\resources\thumbnail_uploadFiles/', 0.0);

INSERT INTO ATTACHMENT (F_ID, PRODUCT_NO, ORIGIN_NAME, CHANGE_NAME, FILE_PATH, FILE_LEVEL) 
VALUES(ATTACHMENT_SEQ.NEXTVAL,7.0, '0073.jpg', '20190823112044853005.jpg', 'C:\Pigeon_Market\semi\Pigeon_Market\WebContent\resources\thumbnail_uploadFiles/', 0.0);

INSERT INTO ATTACHMENT (F_ID, PRODUCT_NO, ORIGIN_NAME, CHANGE_NAME, FILE_PATH, FILE_LEVEL) 
VALUES (ATTACHMENT_SEQ.NEXTVAL, 8.0, '0081.jpg', '20190823114044853001.jpg', 'C:\Pigeon_Market\semi\Pigeon_Market\WebContent\resources\thumbnail_uploadFiles/', 1.0);

INSERT INTO ATTACHMENT (F_ID, PRODUCT_NO, ORIGIN_NAME, CHANGE_NAME, FILE_PATH, FILE_LEVEL) 
VALUES (ATTACHMENT_SEQ.NEXTVAL, 8.0, 'ok.jpg', '20190823114044853002.jpg', 'C:\Pigeon_Market\semi\Pigeon_Market\WebContent\resources\thumbnail_uploadFiles/', 2.0);

INSERT INTO ATTACHMENT (F_ID, PRODUCT_NO, ORIGIN_NAME, CHANGE_NAME, FILE_PATH, FILE_LEVEL) 
VALUES (ATTACHMENT_SEQ.NEXTVAL, 8.0, '0082.jpg', '20190823114044853003.jpg', 'C:\Pigeon_Market\semi\Pigeon_Market\WebContent\resources\thumbnail_uploadFiles/', 0.0);

INSERT INTO ATTACHMENT (F_ID, PRODUCT_NO, ORIGIN_NAME, CHANGE_NAME, FILE_PATH, FILE_LEVEL) 
VALUES (ATTACHMENT_SEQ.NEXTVAL, 8.0, '0083.jpg', '20190823114044853004.jpg', 'C:\Pigeon_Market\semi\Pigeon_Market\WebContent\resources\thumbnail_uploadFiles/', 0.0);

INSERT INTO ATTACHMENT (F_ID, PRODUCT_NO, ORIGIN_NAME, CHANGE_NAME, FILE_PATH, FILE_LEVEL) 
VALUES (ATTACHMENT_SEQ.NEXTVAL, 8.0, '0084.jpg', '20190823114044853005.jpg', 'C:\Pigeon_Market\semi\Pigeon_Market\WebContent\resources\thumbnail_uploadFiles/', 0.0);

INSERT INTO ATTACHMENT (F_ID, PRODUCT_NO, ORIGIN_NAME, CHANGE_NAME, FILE_PATH, FILE_LEVEL) 
VALUES (ATTACHMENT_SEQ.NEXTVAL,9.0, '0091.jpg', '20190823115044853001.jpg', 'C:\Pigeon_Market\semi\Pigeon_Market\WebContent\resources\thumbnail_uploadFiles/', 1.0);

INSERT INTO ATTACHMENT (F_ID, PRODUCT_NO, ORIGIN_NAME, CHANGE_NAME, FILE_PATH, FILE_LEVEL) 
VALUES (ATTACHMENT_SEQ.NEXTVAL, 9.0, 'ok.jpg', '20190823115044853002.jpg', 'C:\Pigeon_Market\semi\Pigeon_Market\WebContent\resources\thumbnail_uploadFiles/', 2.0);

INSERT INTO ATTACHMENT (F_ID, PRODUCT_NO, ORIGIN_NAME, CHANGE_NAME, FILE_PATH, FILE_LEVEL) 
VALUES (ATTACHMENT_SEQ.NEXTVAL, 9.0, '0092.jpg', '20190823115044853003.jpg', 'C:\Pigeon_Market\semi\Pigeon_Market\WebContent\resources\thumbnail_uploadFiles/', 0.0);

INSERT INTO ATTACHMENT (F_ID, PRODUCT_NO, ORIGIN_NAME, CHANGE_NAME, FILE_PATH, FILE_LEVEL) 
VALUES (ATTACHMENT_SEQ.NEXTVAL,9.0, '0093.jpg', '20190823115044853004.jpg', 'C:\Pigeon_Market\semi\Pigeon_Market\WebContent\resources\thumbnail_uploadFiles/', 0.0);

INSERT INTO ATTACHMENT (F_ID, PRODUCT_NO, ORIGIN_NAME, CHANGE_NAME, FILE_PATH, FILE_LEVEL) 
VALUES (ATTACHMENT_SEQ.NEXTVAL, 9.0, '0094.jpg', '20190823115044853005.jpg', 'C:\Pigeon_Market\semi\Pigeon_Market\WebContent\resources\thumbnail_uploadFiles/', 0.0);

INSERT INTO ATTACHMENT (F_ID, PRODUCT_NO, ORIGIN_NAME, CHANGE_NAME, FILE_PATH, FILE_LEVEL) 
VALUES (ATTACHMENT_SEQ.NEXTVAL,10.0, '0101.jpg', '20190823205044853033.jpg', 'C:\Pigeon_Market\semi\Pigeon_Market\WebContent\resources\thumbnail_uploadFiles/', 1.0);

INSERT INTO ATTACHMENT (F_ID, PRODUCT_NO, ORIGIN_NAME, CHANGE_NAME, FILE_PATH, FILE_LEVEL) 
VALUES (ATTACHMENT_SEQ.NEXTVAL, 10.0, 'ok.jpg', '20190823205044853034.jpg', 'C:\Pigeon_Market\semi\Pigeon_Market\WebContent\resources\thumbnail_uploadFiles/', 2.0);

INSERT INTO ATTACHMENT (F_ID, PRODUCT_NO, ORIGIN_NAME, CHANGE_NAME, FILE_PATH, FILE_LEVEL) 
VALUES (ATTACHMENT_SEQ.NEXTVAL, 10.0, '0102.jpg', '20190823205044853035.jpg', 'C:\Pigeon_Market\semi\Pigeon_Market\WebContent\resources\thumbnail_uploadFiles/', 0.0);

INSERT INTO ATTACHMENT (F_ID, PRODUCT_NO, ORIGIN_NAME, CHANGE_NAME, FILE_PATH, FILE_LEVEL) 
VALUES (ATTACHMENT_SEQ.NEXTVAL, 10.0, '0103.jpg', '20190823205044853036.jpg', 'C:\Pigeon_Market\semi\Pigeon_Market\WebContent\resources\thumbnail_uploadFiles/', 0.0);

INSERT INTO ATTACHMENT (F_ID, PRODUCT_NO, ORIGIN_NAME, CHANGE_NAME, FILE_PATH, FILE_LEVEL) 
VALUES(ATTACHMENT_SEQ.NEXTVAL, 10.0, '0104.jpg', '20190823205044853037.jpg', 'C:\Pigeon_Market\semi\Pigeon_Market\WebContent\resources\thumbnail_uploadFiles/', 0.0);

INSERT INTO ATTACHMENT (F_ID, PRODUCT_NO, ORIGIN_NAME, CHANGE_NAME, FILE_PATH, FILE_LEVEL) 
VALUES (ATTACHMENT_SEQ.NEXTVAL, 11.0, '0111.jpg', '20190824075044853457.jpg', 'C:\Pigeon_Market\semi\Pigeon_Market\WebContent\resources\thumbnail_uploadFiles/', 1.0);

INSERT INTO ATTACHMENT (F_ID, PRODUCT_NO, ORIGIN_NAME, CHANGE_NAME, FILE_PATH, FILE_LEVEL) 
VALUES (ATTACHMENT_SEQ.NEXTVAL, 11.0, 'ok.jpg', '20190824075044853467.jpg', 'C:\Pigeon_Market\semi\Pigeon_Market\WebContent\resources\thumbnail_uploadFiles/', 2.0);

INSERT INTO ATTACHMENT (F_ID, PRODUCT_NO, ORIGIN_NAME, CHANGE_NAME, FILE_PATH, FILE_LEVEL) 
VALUES (ATTACHMENT_SEQ.NEXTVAL, 11.0, '0112.jpg', '20190824075044853477.jpg', 'C:\Pigeon_Market\semi\Pigeon_Market\WebContent\resources\thumbnail_uploadFiles/', 0.0);

INSERT INTO ATTACHMENT (F_ID, PRODUCT_NO, ORIGIN_NAME, CHANGE_NAME, FILE_PATH, FILE_LEVEL) 
VALUES (ATTACHMENT_SEQ.NEXTVAL, 11.0, '0113.jpg', '20190824075044853487.jpg', 'C:\Pigeon_Market\semi\Pigeon_Market\WebContent\resources\thumbnail_uploadFiles/', 0.0);

INSERT INTO ATTACHMENT (F_ID, PRODUCT_NO, ORIGIN_NAME, CHANGE_NAME, FILE_PATH, FILE_LEVEL) 
VALUES (ATTACHMENT_SEQ.NEXTVAL, 11.0, '0114.jpg', '20190824075044853497.jpg', 'C:\Pigeon_Market\semi\Pigeon_Market\WebContent\resources\thumbnail_uploadFiles/', 0.0);

INSERT INTO ATTACHMENT (F_ID, PRODUCT_NO, ORIGIN_NAME, CHANGE_NAME, FILE_PATH, FILE_LEVEL) 
VALUES (ATTACHMENT_SEQ.NEXTVAL, 12.0, '0121.jpg', '20190824081044853457.jpg', 'C:\Pigeon_Market\semi\Pigeon_Market\WebContent\resources\thumbnail_uploadFiles/', 1.0);

INSERT INTO ATTACHMENT (F_ID, PRODUCT_NO, ORIGIN_NAME, CHANGE_NAME, FILE_PATH, FILE_LEVEL) 
VALUES (ATTACHMENT_SEQ.NEXTVAL, 12.0, 'ok.jpg', '20190824081044853467.jpg', 'C:\Pigeon_Market\semi\Pigeon_Market\WebContent\resources\thumbnail_uploadFiles/', 2.0);

INSERT INTO ATTACHMENT (F_ID, PRODUCT_NO, ORIGIN_NAME, CHANGE_NAME, FILE_PATH, FILE_LEVEL) 
VALUES (ATTACHMENT_SEQ.NEXTVAL, 12.0, '0122.jpg', '20190824081044853477.jpg', 'C:\Pigeon_Market\semi\Pigeon_Market\WebContent\resources\thumbnail_uploadFiles/', 0.0);

INSERT INTO ATTACHMENT (F_ID, PRODUCT_NO, ORIGIN_NAME, CHANGE_NAME, FILE_PATH, FILE_LEVEL) 
VALUES (ATTACHMENT_SEQ.NEXTVAL, 12.0, '0123.jpg', '20190824081044853487.jpg', 'C:\Pigeon_Market\semi\Pigeon_Market\WebContent\resources\thumbnail_uploadFiles/', 0.0);

INSERT INTO ATTACHMENT (F_ID, PRODUCT_NO, ORIGIN_NAME, CHANGE_NAME, FILE_PATH, FILE_LEVEL) 
VALUES (ATTACHMENT_SEQ.NEXTVAL,12.0, '0124.jpg', '20190824081044853497.jpg', 'C:\Pigeon_Market\semi\Pigeon_Market\WebContent\resources\thumbnail_uploadFiles/', 0.0);

INSERT INTO ATTACHMENT (F_ID, PRODUCT_NO, ORIGIN_NAME, CHANGE_NAME, FILE_PATH, FILE_LEVEL) 
VALUES (ATTACHMENT_SEQ.NEXTVAL,13.0, '0131.jpg', '20190824101044853457.jpg', 'C:\Pigeon_Market\semi\Pigeon_Market\WebContent\resources\thumbnail_uploadFiles/', 1.0);

INSERT INTO ATTACHMENT (F_ID, PRODUCT_NO, ORIGIN_NAME, CHANGE_NAME, FILE_PATH, FILE_LEVEL) 
VALUES (ATTACHMENT_SEQ.NEXTVAL,13.0, 'ok.jpg', '20190824101044853467.jpg', 'C:\Pigeon_Market\semi\Pigeon_Market\WebContent\resources\thumbnail_uploadFiles/', 2.0);

INSERT INTO ATTACHMENT (F_ID, PRODUCT_NO, ORIGIN_NAME, CHANGE_NAME, FILE_PATH, FILE_LEVEL) 
VALUES (ATTACHMENT_SEQ.NEXTVAL, 13.0, '0132.jpg', '20190824101044853477.jpg', 'C:\Pigeon_Market\semi\Pigeon_Market\WebContent\resources\thumbnail_uploadFiles/', 0.0);

INSERT INTO ATTACHMENT (F_ID, PRODUCT_NO, ORIGIN_NAME, CHANGE_NAME, FILE_PATH, FILE_LEVEL) 
VALUES (ATTACHMENT_SEQ.NEXTVAL, 13.0, '0133.jpg', '20190824101044853487.jpg', 'C:\Pigeon_Market\semi\Pigeon_Market\WebContent\resources\thumbnail_uploadFiles/', 0.0);

INSERT INTO ATTACHMENT (F_ID, PRODUCT_NO, ORIGIN_NAME, CHANGE_NAME, FILE_PATH, FILE_LEVEL) 
VALUES(ATTACHMENT_SEQ.NEXTVAL, 13.0, '0134.jpg', '20190824101044853497.jpg', 'C:\Pigeon_Market\semi\Pigeon_Market\WebContent\resources\thumbnail_uploadFiles/', 0.0);

INSERT INTO ATTACHMENT (F_ID, PRODUCT_NO, ORIGIN_NAME, CHANGE_NAME, FILE_PATH, FILE_LEVEL) 
VALUES (ATTACHMENT_SEQ.NEXTVAL,14.0, '0141.jpg', '20190824151044853457.jpg', 'C:\Pigeon_Market\semi\Pigeon_Market\WebContent\resources\thumbnail_uploadFiles/', 1.0);

INSERT INTO ATTACHMENT (F_ID, PRODUCT_NO, ORIGIN_NAME, CHANGE_NAME, FILE_PATH, FILE_LEVEL) 
VALUES (ATTACHMENT_SEQ.NEXTVAL, 14.0, 'ok.jpg', '20190824151044853467.jpg', 'C:\Pigeon_Market\semi\Pigeon_Market\WebContent\resources\thumbnail_uploadFiles/', 2.0);

INSERT INTO ATTACHMENT (F_ID, PRODUCT_NO, ORIGIN_NAME, CHANGE_NAME, FILE_PATH, FILE_LEVEL) 
VALUES (ATTACHMENT_SEQ.NEXTVAL, 14.0, '0142.jpg', '20190824151044853477.jpg', 'C:\Pigeon_Market\semi\Pigeon_Market\WebContent\resources\thumbnail_uploadFiles/', 0.0);

INSERT INTO ATTACHMENT (F_ID, PRODUCT_NO, ORIGIN_NAME, CHANGE_NAME, FILE_PATH, FILE_LEVEL) 
VALUES (ATTACHMENT_SEQ.NEXTVAL, 14.0, '0143.jpg', '20190824151044853487.jpg', 'C:\Pigeon_Market\semi\Pigeon_Market\WebContent\resources\thumbnail_uploadFiles/', 0.0);

INSERT INTO ATTACHMENT (F_ID, PRODUCT_NO, ORIGIN_NAME, CHANGE_NAME, FILE_PATH, FILE_LEVEL) 
VALUES (ATTACHMENT_SEQ.NEXTVAL,14.0, '0144.jpg', '20190824151044853497.jpg', 'C:\Pigeon_Market\semi\Pigeon_Market\WebContent\resources\thumbnail_uploadFiles/', 0.0);

INSERT INTO ATTACHMENT (F_ID, PRODUCT_NO, ORIGIN_NAME, CHANGE_NAME, FILE_PATH, FILE_LEVEL) 
VALUES (ATTACHMENT_SEQ.NEXTVAL, 15.0, '0151.jpg', '20190825151044853457.jpg', 'C:\Pigeon_Market\semi\Pigeon_Market\WebContent\resources\thumbnail_uploadFiles/', 1.0);

INSERT INTO ATTACHMENT (F_ID, PRODUCT_NO, ORIGIN_NAME, CHANGE_NAME, FILE_PATH, FILE_LEVEL) 
VALUES (ATTACHMENT_SEQ.NEXTVAL, 15.0, 'ok.jpg', '20190825151044853467.jpg', 'C:\Pigeon_Market\semi\Pigeon_Market\WebContent\resources\thumbnail_uploadFiles/', 2.0);

INSERT INTO ATTACHMENT (F_ID, PRODUCT_NO, ORIGIN_NAME, CHANGE_NAME, FILE_PATH, FILE_LEVEL) 
VALUES (ATTACHMENT_SEQ.NEXTVAL, 15.0, '0152.jpg', '20190825151044853477.jpg', 'C:\Pigeon_Market\semi\Pigeon_Market\WebContent\resources\thumbnail_uploadFiles/', 0.0);

INSERT INTO ATTACHMENT (F_ID, PRODUCT_NO, ORIGIN_NAME, CHANGE_NAME, FILE_PATH, FILE_LEVEL) 
VALUES (ATTACHMENT_SEQ.NEXTVAL, 15.0, '0153.jpg', '20190825151044853487.jpg', 'C:\Pigeon_Market\semi\Pigeon_Market\WebContent\resources\thumbnail_uploadFiles/', 0.0);

INSERT INTO ATTACHMENT (F_ID, PRODUCT_NO, ORIGIN_NAME, CHANGE_NAME, FILE_PATH, FILE_LEVEL) 
VALUES (ATTACHMENT_SEQ.NEXTVAL, 15.0, '0154.jpg', '20190825151044853497.jpg', 'C:\Pigeon_Market\semi\Pigeon_Market\WebContent\resources\thumbnail_uploadFiles/', 0.0);

INSERT INTO ATTACHMENT (F_ID, PRODUCT_NO, ORIGIN_NAME, CHANGE_NAME, FILE_PATH, FILE_LEVEL) 
VALUES (ATTACHMENT_SEQ.NEXTVAL,16.0, '0161.jpg', '20190825171044853457.jpg', 'C:\Pigeon_Market\semi\Pigeon_Market\WebContent\resources\thumbnail_uploadFiles/', 1.0);

INSERT INTO ATTACHMENT (F_ID, PRODUCT_NO, ORIGIN_NAME, CHANGE_NAME, FILE_PATH, FILE_LEVEL) 
VALUES (ATTACHMENT_SEQ.NEXTVAL,16.0, 'ok.jpg', '20190825171044853467.jpg', 'C:\Pigeon_Market\semi\Pigeon_Market\WebContent\resources\thumbnail_uploadFiles/', 2.0);

INSERT INTO ATTACHMENT (F_ID, PRODUCT_NO, ORIGIN_NAME, CHANGE_NAME, FILE_PATH, FILE_LEVEL) 
VALUES (ATTACHMENT_SEQ.NEXTVAL, 16.0, '0162.jpg', '20190825171044853477.jpg', 'C:\Pigeon_Market\semi\Pigeon_Market\WebContent\resources\thumbnail_uploadFiles/', 0.0);

INSERT INTO ATTACHMENT (F_ID, PRODUCT_NO, ORIGIN_NAME, CHANGE_NAME, FILE_PATH, FILE_LEVEL) 
VALUES (ATTACHMENT_SEQ.NEXTVAL, 16.0, '0163.jpg', '20190825171044853487.jpg', 'C:\Pigeon_Market\semi\Pigeon_Market\WebContent\resources\thumbnail_uploadFiles/', 0.0);

INSERT INTO ATTACHMENT (F_ID, PRODUCT_NO, ORIGIN_NAME, CHANGE_NAME, FILE_PATH, FILE_LEVEL) 
VALUES (ATTACHMENT_SEQ.NEXTVAL, 16.0, '0164.jpg', '20190825171044853497.jpg', 'C:\Pigeon_Market\semi\Pigeon_Market\WebContent\resources\thumbnail_uploadFiles/', 0.0);

INSERT INTO ATTACHMENT (F_ID, PRODUCT_NO, ORIGIN_NAME, CHANGE_NAME, FILE_PATH, FILE_LEVEL) 
VALUES (ATTACHMENT_SEQ.NEXTVAL, 17.0, '0171.jpg', '20190826081044853402.jpg', 'C:\Pigeon_Market\semi\Pigeon_Market\WebContent\resources\thumbnail_uploadFiles/', 1.0);

INSERT INTO ATTACHMENT (F_ID, PRODUCT_NO, ORIGIN_NAME, CHANGE_NAME, FILE_PATH, FILE_LEVEL) 
VALUES (ATTACHMENT_SEQ.NEXTVAL, 17.0, 'ok.jpg', '20190826081044853403.jpg', 'C:\Pigeon_Market\semi\Pigeon_Market\WebContent\resources\thumbnail_uploadFiles/', 2.0);

INSERT INTO ATTACHMENT (F_ID, PRODUCT_NO, ORIGIN_NAME, CHANGE_NAME, FILE_PATH, FILE_LEVEL) 
VALUES (ATTACHMENT_SEQ.NEXTVAL, 17.0, '0172.jpg', '20190826081044853404.jpg', 'C:\Pigeon_Market\semi\Pigeon_Market\WebContent\resources\thumbnail_uploadFiles/', 0.0);

INSERT INTO ATTACHMENT (F_ID, PRODUCT_NO, ORIGIN_NAME, CHANGE_NAME, FILE_PATH, FILE_LEVEL) 
VALUES (ATTACHMENT_SEQ.NEXTVAL, 17.0, '0173.jpg', '20190826081044853405.jpg', 'C:\Pigeon_Market\semi\Pigeon_Market\WebContent\resources\thumbnail_uploadFiles/', 0.0);

INSERT INTO ATTACHMENT (F_ID, PRODUCT_NO, ORIGIN_NAME, CHANGE_NAME, FILE_PATH, FILE_LEVEL) 
VALUES (ATTACHMENT_SEQ.NEXTVAL, 17.0, '0174.jpg', '20190826081044853406.jpg', 'C:\Pigeon_Market\semi\Pigeon_Market\WebContent\resources\thumbnail_uploadFiles/', 0.0);

INSERT INTO ATTACHMENT (F_ID, PRODUCT_NO, ORIGIN_NAME, CHANGE_NAME, FILE_PATH, FILE_LEVEL) 
VALUES (ATTACHMENT_SEQ.NEXTVAL, 18.0, '0181.jpg', '20190826091044853402.jpg', 'C:\Pigeon_Market\semi\Pigeon_Market\WebContent\resources\thumbnail_uploadFiles/', 1.0);

INSERT INTO ATTACHMENT (F_ID, PRODUCT_NO, ORIGIN_NAME, CHANGE_NAME, FILE_PATH, FILE_LEVEL) 
VALUES (ATTACHMENT_SEQ.NEXTVAL,18.0, 'ok.jpg', '20190826091044853403.jpg', 'C:\Pigeon_Market\semi\Pigeon_Market\WebContent\resources\thumbnail_uploadFiles/', 2.0);

INSERT INTO ATTACHMENT (F_ID, PRODUCT_NO, ORIGIN_NAME, CHANGE_NAME, FILE_PATH, FILE_LEVEL) 
VALUES (ATTACHMENT_SEQ.NEXTVAL, 18.0, '0182.jpg', '20190826091044853404.jpg', 'C:\Pigeon_Market\semi\Pigeon_Market\WebContent\resources\thumbnail_uploadFiles/', 0.0);

INSERT INTO ATTACHMENT (F_ID, PRODUCT_NO, ORIGIN_NAME, CHANGE_NAME, FILE_PATH, FILE_LEVEL) 
VALUES (ATTACHMENT_SEQ.NEXTVAL,18.0, '0183.jpg', '20190826091044853405.jpg', 'C:\Pigeon_Market\semi\Pigeon_Market\WebContent\resources\thumbnail_uploadFiles/', 0.0);

INSERT INTO ATTACHMENT (F_ID, PRODUCT_NO, ORIGIN_NAME, CHANGE_NAME, FILE_PATH, FILE_LEVEL) 
VALUES (ATTACHMENT_SEQ.NEXTVAL,18.0, '0184.jpg', '20190826091044853406.jpg', 'C:\Pigeon_Market\semi\Pigeon_Market\WebContent\resources\thumbnail_uploadFiles/', 0.0);

INSERT INTO ATTACHMENT (F_ID, PRODUCT_NO, ORIGIN_NAME, CHANGE_NAME, FILE_PATH, FILE_LEVEL) 
VALUES (ATTACHMENT_SEQ.NEXTVAL,19.0, '0191.jpg', '20190826101044853406.jpg', 'C:\Pigeon_Market\semi\Pigeon_Market\WebContent\resources\thumbnail_uploadFiles/', 1.0);

INSERT INTO ATTACHMENT (F_ID, PRODUCT_NO, ORIGIN_NAME, CHANGE_NAME, FILE_PATH, FILE_LEVEL) 
VALUES (ATTACHMENT_SEQ.NEXTVAL, 19.0, 'ok.jpg', '20190826101044853411.jpg', 'C:\Pigeon_Market\semi\Pigeon_Market\WebContent\resources\thumbnail_uploadFiles/', 2.0);

INSERT INTO ATTACHMENT (F_ID, PRODUCT_NO, ORIGIN_NAME, CHANGE_NAME, FILE_PATH, FILE_LEVEL) 
VALUES (ATTACHMENT_SEQ.NEXTVAL, 19.0, '0192.jpg', '20190826101044853415.jpg', 'C:\Pigeon_Market\semi\Pigeon_Market\WebContent\resources\thumbnail_uploadFiles/', 0.0);

INSERT INTO ATTACHMENT (F_ID, PRODUCT_NO, ORIGIN_NAME, CHANGE_NAME, FILE_PATH, FILE_LEVEL) 
VALUES(ATTACHMENT_SEQ.NEXTVAL,19.0, '0193.jpg', '20190826101044853420.jpg', 'C:\Pigeon_Market\semi\Pigeon_Market\WebContent\resources\thumbnail_uploadFiles/', 0.0);

INSERT INTO ATTACHMENT (F_ID, PRODUCT_NO, ORIGIN_NAME, CHANGE_NAME, FILE_PATH, FILE_LEVEL) 
VALUES (ATTACHMENT_SEQ.NEXTVAL, 19.0, '0194.jpg', '20190826101044853470.jpg', 'C:\Pigeon_Market\semi\Pigeon_Market\WebContent\resources\thumbnail_uploadFiles/', 0.0);

INSERT INTO ATTACHMENT (F_ID, PRODUCT_NO, ORIGIN_NAME, CHANGE_NAME, FILE_PATH, FILE_LEVEL) 
VALUES (ATTACHMENT_SEQ.NEXTVAL, 20.0, '0201.jpg', '20190826111044853406.jpg', 'C:\Pigeon_Market\semi\Pigeon_Market\WebContent\resources\thumbnail_uploadFiles/', 1.0);

INSERT INTO ATTACHMENT (F_ID, PRODUCT_NO, ORIGIN_NAME, CHANGE_NAME, FILE_PATH, FILE_LEVEL) 
VALUES (ATTACHMENT_SEQ.NEXTVAL, 20.0, 'ok.jpg', '20190826111044853411.jpg', 'C:\Pigeon_Market\semi\Pigeon_Market\WebContent\resources\thumbnail_uploadFiles/', 2.0);

INSERT INTO ATTACHMENT (F_ID, PRODUCT_NO, ORIGIN_NAME, CHANGE_NAME, FILE_PATH, FILE_LEVEL) 
VALUES (ATTACHMENT_SEQ.NEXTVAL, 20.0, '0202.jpg', '20190826111044853415.jpg', 'C:\Pigeon_Market\semi\Pigeon_Market\WebContent\resources\thumbnail_uploadFiles/', 0.0);

INSERT INTO ATTACHMENT (F_ID, PRODUCT_NO, ORIGIN_NAME, CHANGE_NAME, FILE_PATH, FILE_LEVEL) 
VALUES (ATTACHMENT_SEQ.NEXTVAL, 20.0, '0203.jpg', '20190826111044853420.jpg', 'C:\Pigeon_Market\semi\Pigeon_Market\WebContent\resources\thumbnail_uploadFiles/', 0.0);

INSERT INTO ATTACHMENT (F_ID, PRODUCT_NO, ORIGIN_NAME, CHANGE_NAME, FILE_PATH, FILE_LEVEL) 
VALUES (ATTACHMENT_SEQ.NEXTVAL, 20.0, '0204.jpg', '20190826111044853470.jpg', 'C:\Pigeon_Market\semi\Pigeon_Market\WebContent\resources\thumbnail_uploadFiles/', 0.0);

INSERT INTO ATTACHMENT (F_ID, PRODUCT_NO, ORIGIN_NAME, CHANGE_NAME, FILE_PATH, FILE_LEVEL) 
VALUES (ATTACHMENT_SEQ.NEXTVAL,21.0, '0211.jpg', '20190826151044853406.jpg', 'C:\Pigeon_Market\semi\Pigeon_Market\WebContent\resources\thumbnail_uploadFiles/', 1.0);

INSERT INTO ATTACHMENT (F_ID, PRODUCT_NO, ORIGIN_NAME, CHANGE_NAME, FILE_PATH, FILE_LEVEL) 
VALUES(ATTACHMENT_SEQ.NEXTVAL, 21.0, 'ok.jpg', '20190826151044853411.jpg', 'C:\Pigeon_Market\semi\Pigeon_Market\WebContent\resources\thumbnail_uploadFiles/', 2.0);

INSERT INTO ATTACHMENT (F_ID, PRODUCT_NO, ORIGIN_NAME, CHANGE_NAME, FILE_PATH, FILE_LEVEL) 
VALUES(ATTACHMENT_SEQ.NEXTVAL, 21.0, '0212.jpg', '20190826151044853415.jpg', 'C:\Pigeon_Market\semi\Pigeon_Market\WebContent\resources\thumbnail_uploadFiles/', 0.0);

INSERT INTO ATTACHMENT (F_ID, PRODUCT_NO, ORIGIN_NAME, CHANGE_NAME, FILE_PATH, FILE_LEVEL) 
VALUES(ATTACHMENT_SEQ.NEXTVAL,21.0, '0213.jpg', '20190826151044853420.jpg', 'C:\Pigeon_Market\semi\Pigeon_Market\WebContent\resources\thumbnail_uploadFiles/', 0.0);

INSERT INTO ATTACHMENT (F_ID, PRODUCT_NO, ORIGIN_NAME, CHANGE_NAME, FILE_PATH, FILE_LEVEL) 
VALUES (ATTACHMENT_SEQ.NEXTVAL,21.0, '0214.jpg', '20190826151044853470.jpg', 'C:\Pigeon_Market\semi\Pigeon_Market\WebContent\resources\thumbnail_uploadFiles/', 0.0);

INSERT INTO ATTACHMENT (F_ID, PRODUCT_NO, ORIGIN_NAME, CHANGE_NAME, FILE_PATH, FILE_LEVEL) 
VALUES (ATTACHMENT_SEQ.NEXTVAL, 22.0, '0221.jpg', '20190826201044853470.jpg', 'C:\Pigeon_Market\semi\Pigeon_Market\WebContent\resources\thumbnail_uploadFiles/', 1.0);

INSERT INTO ATTACHMENT (F_ID, PRODUCT_NO, ORIGIN_NAME, CHANGE_NAME, FILE_PATH, FILE_LEVEL) 
VALUES(ATTACHMENT_SEQ.NEXTVAL, 22.0, 'ok.jpg', '20190826201044853475.jpg', 'C:\Pigeon_Market\semi\Pigeon_Market\WebContent\resources\thumbnail_uploadFiles/', 2.0);

INSERT INTO ATTACHMENT (F_ID, PRODUCT_NO, ORIGIN_NAME, CHANGE_NAME, FILE_PATH, FILE_LEVEL) 
VALUES (ATTACHMENT_SEQ.NEXTVAL,22.0, '0222.jpg', '20190826201044853478.jpg', 'C:\Pigeon_Market\semi\Pigeon_Market\WebContent\resources\thumbnail_uploadFiles/', 0.0);

INSERT INTO ATTACHMENT (F_ID, PRODUCT_NO, ORIGIN_NAME, CHANGE_NAME, FILE_PATH, FILE_LEVEL) 
VALUES (ATTACHMENT_SEQ.NEXTVAL, 22.0, '0223.jpg', '20190826201044853480.jpg', 'C:\Pigeon_Market\semi\Pigeon_Market\WebContent\resources\thumbnail_uploadFiles/', 0.0);

INSERT INTO ATTACHMENT (F_ID, PRODUCT_NO, ORIGIN_NAME, CHANGE_NAME, FILE_PATH, FILE_LEVEL) 
VALUES (ATTACHMENT_SEQ.NEXTVAL, 22.0, '0224.jpg', '20190826201044859070.jpg', 'C:\Pigeon_Market\semi\Pigeon_Market\WebContent\resources\thumbnail_uploadFiles/', 0.0);

INSERT INTO ATTACHMENT (F_ID, PRODUCT_NO, ORIGIN_NAME, CHANGE_NAME, FILE_PATH, FILE_LEVEL) 
VALUES (ATTACHMENT_SEQ.NEXTVAL, 23.0, '0231.jpg', '20190827081044853402.jpg', 'C:\Pigeon_Market\semi\Pigeon_Market\WebContent\resources\thumbnail_uploadFiles/', 1.0);

INSERT INTO ATTACHMENT (F_ID, PRODUCT_NO, ORIGIN_NAME, CHANGE_NAME, FILE_PATH, FILE_LEVEL) 
VALUES (ATTACHMENT_SEQ.NEXTVAL, 23.0, 'ok.jpg', '20190827081044853403.jpg', 'C:\Pigeon_Market\semi\Pigeon_Market\WebContent\resources\thumbnail_uploadFiles/', 2.0);

INSERT INTO ATTACHMENT (F_ID, PRODUCT_NO, ORIGIN_NAME, CHANGE_NAME, FILE_PATH, FILE_LEVEL) 
VALUES (ATTACHMENT_SEQ.NEXTVAL, 23.0, '0232.jpg', '20190827081044853404.jpg', 'C:\Pigeon_Market\semi\Pigeon_Market\WebContent\resources\thumbnail_uploadFiles/', 0.0);

INSERT INTO ATTACHMENT (F_ID, PRODUCT_NO, ORIGIN_NAME, CHANGE_NAME, FILE_PATH, FILE_LEVEL) 
VALUES (ATTACHMENT_SEQ.NEXTVAL, 23.0, '0233.jpg', '20190827081044853405.jpg', 'C:\Pigeon_Market\semi\Pigeon_Market\WebContent\resources\thumbnail_uploadFiles/', 0.0);

INSERT INTO ATTACHMENT (F_ID, PRODUCT_NO, ORIGIN_NAME, CHANGE_NAME, FILE_PATH, FILE_LEVEL) 
VALUES (ATTACHMENT_SEQ.NEXTVAL, 23.0, '0234.jpg', '20190827081044853406.jpg', 'C:\Pigeon_Market\semi\Pigeon_Market\WebContent\resources\thumbnail_uploadFiles/', 0.0);

INSERT INTO ATTACHMENT (F_ID, PRODUCT_NO, ORIGIN_NAME, CHANGE_NAME, FILE_PATH, FILE_LEVEL) 
VALUES (ATTACHMENT_SEQ.NEXTVAL, 24.0, '0251.jpg', '20190827091044853402.jpg', 'C:\Pigeon_Market\semi\Pigeon_Market\WebContent\resources\thumbnail_uploadFiles/', 1.0);

INSERT INTO ATTACHMENT (F_ID, PRODUCT_NO, ORIGIN_NAME, CHANGE_NAME, FILE_PATH, FILE_LEVEL) 
VALUES (ATTACHMENT_SEQ.NEXTVAL, 24.0, 'ok.jpg', '20190827091044853403.jpg', 'C:\Pigeon_Market\semi\Pigeon_Market\WebContent\resources\thumbnail_uploadFiles/', 2.0);

INSERT INTO ATTACHMENT (F_ID, PRODUCT_NO, ORIGIN_NAME, CHANGE_NAME, FILE_PATH, FILE_LEVEL) 
VALUES (ATTACHMENT_SEQ.NEXTVAL, 24.0, '0252.jpg', '20190827091044853404.jpg', 'C:\Pigeon_Market\semi\Pigeon_Market\WebContent\resources\thumbnail_uploadFiles/', 0.0);

INSERT INTO ATTACHMENT (F_ID, PRODUCT_NO, ORIGIN_NAME, CHANGE_NAME, FILE_PATH, FILE_LEVEL) 
VALUES (ATTACHMENT_SEQ.NEXTVAL, 24.0, '0253.jpg', '20190827091044853405.jpg', 'C:\Pigeon_Market\semi\Pigeon_Market\WebContent\resources\thumbnail_uploadFiles/', 0.0);

INSERT INTO ATTACHMENT (F_ID, PRODUCT_NO, ORIGIN_NAME, CHANGE_NAME, FILE_PATH, FILE_LEVEL) 
VALUES (ATTACHMENT_SEQ.NEXTVAL, 24.0, '0254.jpg', '20190827091044853406.jpg', 'C:\Pigeon_Market\semi\Pigeon_Market\WebContent\resources\thumbnail_uploadFiles/', 0.0);

INSERT INTO ATTACHMENT (F_ID, PRODUCT_NO, ORIGIN_NAME, CHANGE_NAME, FILE_PATH, FILE_LEVEL) 
VALUES (ATTACHMENT_SEQ.NEXTVAL, 25.0, '0261.jpg', '20190827092044853402.jpg', 'C:\Pigeon_Market\semi\Pigeon_Market\WebContent\resources\thumbnail_uploadFiles/', 1.0);

INSERT INTO ATTACHMENT (F_ID, PRODUCT_NO, ORIGIN_NAME, CHANGE_NAME, FILE_PATH, FILE_LEVEL) 
VALUES (ATTACHMENT_SEQ.NEXTVAL, 25.0, 'ok.jpg', '20190827092044853403.jpg', 'C:\Pigeon_Market\semi\Pigeon_Market\WebContent\resources\thumbnail_uploadFiles/', 2.0);

INSERT INTO ATTACHMENT (F_ID, PRODUCT_NO, ORIGIN_NAME, CHANGE_NAME, FILE_PATH, FILE_LEVEL) 
VALUES (ATTACHMENT_SEQ.NEXTVAL, 25.0, '0262.jpg', '20190827092044853404.jpg', 'C:\Pigeon_Market\semi\Pigeon_Market\WebContent\resources\thumbnail_uploadFiles/', 0.0);

INSERT INTO ATTACHMENT (F_ID, PRODUCT_NO, ORIGIN_NAME, CHANGE_NAME, FILE_PATH, FILE_LEVEL) 
VALUES (ATTACHMENT_SEQ.NEXTVAL, 25.0, '0263.jpg', '20190827092044853405.jpg', 'C:\Pigeon_Market\semi\Pigeon_Market\WebContent\resources\thumbnail_uploadFiles/', 0.0);

INSERT INTO ATTACHMENT (F_ID, PRODUCT_NO, ORIGIN_NAME, CHANGE_NAME, FILE_PATH, FILE_LEVEL) 
VALUES (ATTACHMENT_SEQ.NEXTVAL,25.0, '0264.jpg', '20190827092044853406.jpg', 'C:\Pigeon_Market\semi\Pigeon_Market\WebContent\resources\thumbnail_uploadFiles/', 0.0);

INSERT INTO ATTACHMENT (F_ID, PRODUCT_NO, ORIGIN_NAME, CHANGE_NAME, FILE_PATH, FILE_LEVEL) 
VALUES (ATTACHMENT_SEQ.NEXTVAL,26.0, '0271.jpg', '20190827094044853402.jpg', 'C:\Pigeon_Market\semi\Pigeon_Market\WebContent\resources\thumbnail_uploadFiles/', 1.0);

INSERT INTO ATTACHMENT (F_ID, PRODUCT_NO, ORIGIN_NAME, CHANGE_NAME, FILE_PATH, FILE_LEVEL) 
VALUES (ATTACHMENT_SEQ.NEXTVAL, 26.0, 'ok.jpg', '20190827094044853403.jpg', 'C:\Pigeon_Market\semi\Pigeon_Market\WebContent\resources\thumbnail_uploadFiles/', 2.0);

INSERT INTO ATTACHMENT (F_ID, PRODUCT_NO, ORIGIN_NAME, CHANGE_NAME, FILE_PATH, FILE_LEVEL) 
VALUES (ATTACHMENT_SEQ.NEXTVAL, 26.0, '0272.jpg', '20190827094044853404.jpg', 'C:\Pigeon_Market\semi\Pigeon_Market\WebContent\resources\thumbnail_uploadFiles/', 0.0);

INSERT INTO ATTACHMENT (F_ID, PRODUCT_NO, ORIGIN_NAME, CHANGE_NAME, FILE_PATH, FILE_LEVEL) 
VALUES (ATTACHMENT_SEQ.NEXTVAL, 26.0, '0273.jpg', '20190827094044853405.jpg', 'C:\Pigeon_Market\semi\Pigeon_Market\WebContent\resources\thumbnail_uploadFiles/', 0.0);

INSERT INTO ATTACHMENT (F_ID, PRODUCT_NO, ORIGIN_NAME, CHANGE_NAME, FILE_PATH, FILE_LEVEL) 
VALUES (ATTACHMENT_SEQ.NEXTVAL, 26.0, '0274.jpg', '20190827094044853406.jpg', 'C:\Pigeon_Market\semi\Pigeon_Market\WebContent\resources\thumbnail_uploadFiles/', 0.0);

INSERT INTO ATTACHMENT (F_ID, PRODUCT_NO, ORIGIN_NAME, CHANGE_NAME, FILE_PATH, FILE_LEVEL) 
VALUES (ATTACHMENT_SEQ.NEXTVAL, 27.0, '0281.jpg', '20190827104044853402.jpg', 'C:\Pigeon_Market\semi\Pigeon_Market\WebContent\resources\thumbnail_uploadFiles/', 1.0);

INSERT INTO ATTACHMENT (F_ID, PRODUCT_NO, ORIGIN_NAME, CHANGE_NAME, FILE_PATH, FILE_LEVEL) 
VALUES(ATTACHMENT_SEQ.NEXTVAL, 27.0, 'ok.jpg', '20190827104044853403.jpg', 'C:\Pigeon_Market\semi\Pigeon_Market\WebContent\resources\thumbnail_uploadFiles/', 2.0);

INSERT INTO ATTACHMENT (F_ID, PRODUCT_NO, ORIGIN_NAME, CHANGE_NAME, FILE_PATH, FILE_LEVEL) 
VALUES (ATTACHMENT_SEQ.NEXTVAL, 27.0, '0282.jpg', '20190827104044853404.jpg', 'C:\Pigeon_Market\semi\Pigeon_Market\WebContent\resources\thumbnail_uploadFiles/', 0.0);

INSERT INTO ATTACHMENT (F_ID, PRODUCT_NO, ORIGIN_NAME, CHANGE_NAME, FILE_PATH, FILE_LEVEL) 
VALUES (ATTACHMENT_SEQ.NEXTVAL, 27.0, '0283.jpg', '20190827104044853405.jpg', 'C:\Pigeon_Market\semi\Pigeon_Market\WebContent\resources\thumbnail_uploadFiles/', 0.0);

INSERT INTO ATTACHMENT (F_ID, PRODUCT_NO, ORIGIN_NAME, CHANGE_NAME, FILE_PATH, FILE_LEVEL) 
VALUES (ATTACHMENT_SEQ.NEXTVAL,27.0, '0284.jpg', '20190827104044853406.jpg', 'C:\Pigeon_Market\semi\Pigeon_Market\WebContent\resources\thumbnail_uploadFiles/', 0.0);

INSERT INTO ATTACHMENT (F_ID, PRODUCT_NO, ORIGIN_NAME, CHANGE_NAME, FILE_PATH, FILE_LEVEL) 
VALUES (ATTACHMENT_SEQ.NEXTVAL, 28.0, '0291.jpg', '20190827144044853406.jpg', 'C:\Pigeon_Market\semi\Pigeon_Market\WebContent\resources\thumbnail_uploadFiles/', 1.0);

INSERT INTO ATTACHMENT (F_ID, PRODUCT_NO, ORIGIN_NAME, CHANGE_NAME, FILE_PATH, FILE_LEVEL) 
VALUES (ATTACHMENT_SEQ.NEXTVAL, 28.0, 'ok.jpg', '20190827144044853420.jpg', 'C:\Pigeon_Market\semi\Pigeon_Market\WebContent\resources\thumbnail_uploadFiles/', 2.0);

INSERT INTO ATTACHMENT (F_ID, PRODUCT_NO, ORIGIN_NAME, CHANGE_NAME, FILE_PATH, FILE_LEVEL) 
VALUES (ATTACHMENT_SEQ.NEXTVAL, 28.0, '0291.jpg', '20190827144044853430.jpg', 'C:\Pigeon_Market\semi\Pigeon_Market\WebContent\resources\thumbnail_uploadFiles/', 0.0);

INSERT INTO ATTACHMENT (F_ID, PRODUCT_NO, ORIGIN_NAME, CHANGE_NAME, FILE_PATH, FILE_LEVEL) 
VALUES (ATTACHMENT_SEQ.NEXTVAL, 28.0, '0291.jpg', '20190827144044853440.jpg', 'C:\Pigeon_Market\semi\Pigeon_Market\WebContent\resources\thumbnail_uploadFiles/', 0.0);

INSERT INTO ATTACHMENT (F_ID, PRODUCT_NO, ORIGIN_NAME, CHANGE_NAME, FILE_PATH, FILE_LEVEL) 
VALUES (ATTACHMENT_SEQ.NEXTVAL, 28.0, '0291.jpg', '20190827144044853450.jpg', 'C:\Pigeon_Market\semi\Pigeon_Market\WebContent\resources\thumbnail_uploadFiles/', 0.0);

INSERT INTO ATTACHMENT (F_ID, PRODUCT_NO, ORIGIN_NAME, CHANGE_NAME, FILE_PATH, FILE_LEVEL) 
VALUES (ATTACHMENT_SEQ.NEXTVAL,29.0, '0301.jpg', '20190827174044853420.jpg', 'C:\Pigeon_Market\semi\Pigeon_Market\WebContent\resources\thumbnail_uploadFiles/', 1.0);

INSERT INTO ATTACHMENT (F_ID, PRODUCT_NO, ORIGIN_NAME, CHANGE_NAME, FILE_PATH, FILE_LEVEL) 
VALUES (ATTACHMENT_SEQ.NEXTVAL, 29.0, 'ok.jpg', '20190827174044853430.jpg', 'C:\Pigeon_Market\semi\Pigeon_Market\WebContent\resources\thumbnail_uploadFiles/', 2.0);

INSERT INTO ATTACHMENT (F_ID, PRODUCT_NO, ORIGIN_NAME, CHANGE_NAME, FILE_PATH, FILE_LEVEL) 
VALUES(ATTACHMENT_SEQ.NEXTVAL, 29.0, '0302.jpg', '20190827174044853440.jpg', 'C:\Pigeon_Market\semi\Pigeon_Market\WebContent\resources\thumbnail_uploadFiles/', 0.0);

INSERT INTO ATTACHMENT (F_ID, PRODUCT_NO, ORIGIN_NAME, CHANGE_NAME, FILE_PATH, FILE_LEVEL) 
VALUES (ATTACHMENT_SEQ.NEXTVAL, 29.0, '0303.jpg', '20190827174044853450.jpg', 'C:\Pigeon_Market\semi\Pigeon_Market\WebContent\resources\thumbnail_uploadFiles/', 0.0);

INSERT INTO ATTACHMENT (F_ID, PRODUCT_NO, ORIGIN_NAME, CHANGE_NAME, FILE_PATH, FILE_LEVEL) 
VALUES(ATTACHMENT_SEQ.NEXTVAL, 29.0, '0304.jpg', '20190827174044853460.jpg', 'C:\Pigeon_Market\semi\Pigeon_Market\WebContent\resources\thumbnail_uploadFiles/', 0.0);

INSERT INTO ATTACHMENT (F_ID, PRODUCT_NO, ORIGIN_NAME, CHANGE_NAME, FILE_PATH, FILE_LEVEL) 
VALUES(ATTACHMENT_SEQ.NEXTVAL, 30.0, '0311.jpg', '20190827184044853420.jpg', 'C:\Pigeon_Market\semi\Pigeon_Market\WebContent\resources\thumbnail_uploadFiles/', 1.0);

INSERT INTO ATTACHMENT (F_ID, PRODUCT_NO, ORIGIN_NAME, CHANGE_NAME, FILE_PATH, FILE_LEVEL) 
VALUES (ATTACHMENT_SEQ.NEXTVAL,30.0, 'ok.jpg', '20190827184044853430.jpg', 'C:\Pigeon_Market\semi\Pigeon_Market\WebContent\resources\thumbnail_uploadFiles/', 2.0);

INSERT INTO ATTACHMENT (F_ID, PRODUCT_NO, ORIGIN_NAME, CHANGE_NAME, FILE_PATH, FILE_LEVEL) 
VALUES (ATTACHMENT_SEQ.NEXTVAL, 30.0, '0311.jpg', '20190827184044853440.jpg', 'C:\Pigeon_Market\semi\Pigeon_Market\WebContent\resources\thumbnail_uploadFiles/', 0.0);

INSERT INTO ATTACHMENT (F_ID, PRODUCT_NO, ORIGIN_NAME, CHANGE_NAME, FILE_PATH, FILE_LEVEL) 
VALUES (ATTACHMENT_SEQ.NEXTVAL, 30.0, '0311.jpg', '20190827184044853450.jpg', 'C:\Pigeon_Market\semi\Pigeon_Market\WebContent\resources\thumbnail_uploadFiles/', 0.0);

INSERT INTO ATTACHMENT (F_ID, PRODUCT_NO, ORIGIN_NAME, CHANGE_NAME, FILE_PATH, FILE_LEVEL) 
VALUES (ATTACHMENT_SEQ.NEXTVAL, 30.0, '0311.jpg', '20190827184044853460.jpg', 'C:\Pigeon_Market\semi\Pigeon_Market\WebContent\resources\thumbnail_uploadFiles/', 0.0);

INSERT INTO ATTACHMENT (F_ID, PRODUCT_NO, ORIGIN_NAME, CHANGE_NAME, FILE_PATH, FILE_LEVEL) 
VALUES(ATTACHMENT_SEQ.NEXTVAL, 31.0, '0321.jpg', '20190828034044853420.jpg', 'C:\Pigeon_Market\semi\Pigeon_Market\WebContent\resources\thumbnail_uploadFiles/', 1.0);

INSERT INTO ATTACHMENT (F_ID, PRODUCT_NO, ORIGIN_NAME, CHANGE_NAME, FILE_PATH, FILE_LEVEL) 
VALUES(ATTACHMENT_SEQ.NEXTVAL, 31.0, 'ok.jpg', '20190828034044853430.jpg', 'C:\Pigeon_Market\semi\Pigeon_Market\WebContent\resources\thumbnail_uploadFiles/', 2.0);

INSERT INTO ATTACHMENT (F_ID, PRODUCT_NO, ORIGIN_NAME, CHANGE_NAME, FILE_PATH, FILE_LEVEL) 
VALUES (ATTACHMENT_SEQ.NEXTVAL,31.0, '0322.jpg', '20190828034044853440.jpg', 'C:\Pigeon_Market\semi\Pigeon_Market\WebContent\resources\thumbnail_uploadFiles/', 0.0);

INSERT INTO ATTACHMENT (F_ID, PRODUCT_NO, ORIGIN_NAME, CHANGE_NAME, FILE_PATH, FILE_LEVEL) 
VALUES (ATTACHMENT_SEQ.NEXTVAL, 31.0, '0323.jpg', '20190828034044853450.jpg', 'C:\Pigeon_Market\semi\Pigeon_Market\WebContent\resources\thumbnail_uploadFiles/', 0.0);

INSERT INTO ATTACHMENT (F_ID, PRODUCT_NO, ORIGIN_NAME, CHANGE_NAME, FILE_PATH, FILE_LEVEL) 
VALUES (ATTACHMENT_SEQ.NEXTVAL, 31.0, '0324.jpg', '20190828034044853460.jpg', 'C:\Pigeon_Market\semi\Pigeon_Market\WebContent\resources\thumbnail_uploadFiles/', 0.0);

INSERT INTO ATTACHMENT (F_ID, PRODUCT_NO, ORIGIN_NAME, CHANGE_NAME, FILE_PATH, FILE_LEVEL) 
VALUES (ATTACHMENT_SEQ.NEXTVAL, 32.0, '0331.jpg', '20190828054044853420.jpg', 'C:\Pigeon_Market\semi\Pigeon_Market\WebContent\resources\thumbnail_uploadFiles/', 1.0);

INSERT INTO ATTACHMENT (F_ID, PRODUCT_NO, ORIGIN_NAME, CHANGE_NAME, FILE_PATH, FILE_LEVEL) 
VALUES (ATTACHMENT_SEQ.NEXTVAL, 32.0, 'ok.jpg', '20190828054044853430.jpg', 'C:\Pigeon_Market\semi\Pigeon_Market\WebContent\resources\thumbnail_uploadFiles/', 2.0);

INSERT INTO ATTACHMENT (F_ID, PRODUCT_NO, ORIGIN_NAME, CHANGE_NAME, FILE_PATH, FILE_LEVEL) 
VALUES (ATTACHMENT_SEQ.NEXTVAL, 32.0, '0332.jpg', '20190828054044853440.jpg', 'C:\Pigeon_Market\semi\Pigeon_Market\WebContent\resources\thumbnail_uploadFiles/', 0.0);

INSERT INTO ATTACHMENT (F_ID, PRODUCT_NO, ORIGIN_NAME, CHANGE_NAME, FILE_PATH, FILE_LEVEL) 
VALUES (ATTACHMENT_SEQ.NEXTVAL,32.0, '0333.jpg', '20190828054044853450.jpg', 'C:\Pigeon_Market\semi\Pigeon_Market\WebContent\resources\thumbnail_uploadFiles/', 0.0);

INSERT INTO ATTACHMENT (F_ID, PRODUCT_NO, ORIGIN_NAME, CHANGE_NAME, FILE_PATH, FILE_LEVEL) 
VALUES (ATTACHMENT_SEQ.NEXTVAL, 32.0, '0334.jpg', '20190828054044853460.jpg', 'C:\Pigeon_Market\semi\Pigeon_Market\WebContent\resources\thumbnail_uploadFiles/', 0.0);

INSERT INTO ATTACHMENT (F_ID, PRODUCT_NO, ORIGIN_NAME, CHANGE_NAME, FILE_PATH, FILE_LEVEL) 
VALUES (ATTACHMENT_SEQ.NEXTVAL,33.0, '0341.jpg', '20190828074044853420.jpg', 'C:\Pigeon_Market\semi\Pigeon_Market\WebContent\resources\thumbnail_uploadFiles/', 1.0);

INSERT INTO ATTACHMENT (F_ID, PRODUCT_NO, ORIGIN_NAME, CHANGE_NAME, FILE_PATH, FILE_LEVEL) 
VALUES (ATTACHMENT_SEQ.NEXTVAL, 33.0, 'ok.jpg', '20190828074044853430.jpg', 'C:\Pigeon_Market\semi\Pigeon_Market\WebContent\resources\thumbnail_uploadFiles/', 2.0);

INSERT INTO ATTACHMENT (F_ID, PRODUCT_NO, ORIGIN_NAME, CHANGE_NAME, FILE_PATH, FILE_LEVEL) 
VALUES (ATTACHMENT_SEQ.NEXTVAL,33.0, '0342.jpg', '20190828074044853440.jpg', 'C:\Pigeon_Market\semi\Pigeon_Market\WebContent\resources\thumbnail_uploadFiles/', 0.0);

INSERT INTO ATTACHMENT (F_ID, PRODUCT_NO, ORIGIN_NAME, CHANGE_NAME, FILE_PATH, FILE_LEVEL) 
VALUES (ATTACHMENT_SEQ.NEXTVAL, 33.0, '0343.jpg', '20190828074044853450.jpg', 'C:\Pigeon_Market\semi\Pigeon_Market\WebContent\resources\thumbnail_uploadFiles/', 0.0);

INSERT INTO ATTACHMENT (F_ID, PRODUCT_NO, ORIGIN_NAME, CHANGE_NAME, FILE_PATH, FILE_LEVEL) 
VALUES (ATTACHMENT_SEQ.NEXTVAL,33.0, '0344.jpg', '20190828074044853460.jpg', 'C:\Pigeon_Market\semi\Pigeon_Market\WebContent\resources\thumbnail_uploadFiles/', 0.0);

INSERT INTO ATTACHMENT (F_ID, PRODUCT_NO, ORIGIN_NAME, CHANGE_NAME, FILE_PATH, FILE_LEVEL) 
VALUES (ATTACHMENT_SEQ.NEXTVAL, 34.0, '0351.jpg', '20190828084044853420.jpg', 'C:\Pigeon_Market\semi\Pigeon_Market\WebContent\resources\thumbnail_uploadFiles/', 1.0);

INSERT INTO ATTACHMENT (F_ID, PRODUCT_NO, ORIGIN_NAME, CHANGE_NAME, FILE_PATH, FILE_LEVEL) 
VALUES (ATTACHMENT_SEQ.NEXTVAL,34.0, 'ok.jpg', '20190828084044853430.jpg', 'C:\Pigeon_Market\semi\Pigeon_Market\WebContent\resources\thumbnail_uploadFiles/', 2.0);

INSERT INTO ATTACHMENT (F_ID, PRODUCT_NO, ORIGIN_NAME, CHANGE_NAME, FILE_PATH, FILE_LEVEL) 
VALUES (ATTACHMENT_SEQ.NEXTVAL, 34.0, '0352.jpg', '20190828084044853440.jpg', 'C:\Pigeon_Market\semi\Pigeon_Market\WebContent\resources\thumbnail_uploadFiles/', 0.0);

INSERT INTO ATTACHMENT (F_ID, PRODUCT_NO, ORIGIN_NAME, CHANGE_NAME, FILE_PATH, FILE_LEVEL) 
VALUES(ATTACHMENT_SEQ.NEXTVAL, 34.0, '0353.jpg', '20190828084044853450.jpg', 'C:\Pigeon_Market\semi\Pigeon_Market\WebContent\resources\thumbnail_uploadFiles/', 0.0);

INSERT INTO ATTACHMENT (F_ID, PRODUCT_NO, ORIGIN_NAME, CHANGE_NAME, FILE_PATH, FILE_LEVEL) 
VALUES (ATTACHMENT_SEQ.NEXTVAL,34.0, '0354.jpg', '20190828084044853460.jpg', 'C:\Pigeon_Market\semi\Pigeon_Market\WebContent\resources\thumbnail_uploadFiles/', 0.0);

INSERT INTO ATTACHMENT (F_ID, PRODUCT_NO, ORIGIN_NAME, CHANGE_NAME, FILE_PATH, FILE_LEVEL) 
VALUES (ATTACHMENT_SEQ.NEXTVAL,35.0, '0361.jpg', '20190828094044853420.jpg', 'C:\Pigeon_Market\semi\Pigeon_Market\WebContent\resources\thumbnail_uploadFiles/', 1.0);

INSERT INTO ATTACHMENT (F_ID, PRODUCT_NO, ORIGIN_NAME, CHANGE_NAME, FILE_PATH, FILE_LEVEL) 
VALUES (ATTACHMENT_SEQ.NEXTVAL,35.0, 'ok.jpg', '20190828094044853430.jpg', 'C:\Pigeon_Market\semi\Pigeon_Market\WebContent\resources\thumbnail_uploadFiles/', 2.0);

INSERT INTO ATTACHMENT (F_ID, PRODUCT_NO, ORIGIN_NAME, CHANGE_NAME, FILE_PATH, FILE_LEVEL) 
VALUES (ATTACHMENT_SEQ.NEXTVAL,35.0, '0362.jpg', '20190828094044853440.jpg', 'C:\Pigeon_Market\semi\Pigeon_Market\WebContent\resources\thumbnail_uploadFiles/', 0.0);

INSERT INTO ATTACHMENT (F_ID, PRODUCT_NO, ORIGIN_NAME, CHANGE_NAME, FILE_PATH, FILE_LEVEL) 
VALUES (ATTACHMENT_SEQ.NEXTVAL, 35.0, '0363.jpg', '20190828094044853450.jpg', 'C:\Pigeon_Market\semi\Pigeon_Market\WebContent\resources\thumbnail_uploadFiles/', 0.0);

INSERT INTO ATTACHMENT (F_ID, PRODUCT_NO, ORIGIN_NAME, CHANGE_NAME, FILE_PATH, FILE_LEVEL) 
VALUES (ATTACHMENT_SEQ.NEXTVAL, 35.0, '0364.jpg', '20190828094044853460.jpg', 'C:\Pigeon_Market\semi\Pigeon_Market\WebContent\resources\thumbnail_uploadFiles/', 0.0);

INSERT INTO ATTACHMENT (F_ID, PRODUCT_NO, ORIGIN_NAME, CHANGE_NAME, FILE_PATH, FILE_LEVEL) 
VALUES (ATTACHMENT_SEQ.NEXTVAL, 36.0, '0371.jpg', '20190828095044853420.jpg', 'C:\Pigeon_Market\semi\Pigeon_Market\WebContent\resources\thumbnail_uploadFiles/', 1.0);

INSERT INTO ATTACHMENT (F_ID, PRODUCT_NO, ORIGIN_NAME, CHANGE_NAME, FILE_PATH, FILE_LEVEL) 
VALUES (ATTACHMENT_SEQ.NEXTVAL, 36.0, 'ok.jpg', '20190828095044853430.jpg', 'C:\Pigeon_Market\semi\Pigeon_Market\WebContent\resources\thumbnail_uploadFiles/', 2.0);

INSERT INTO ATTACHMENT (F_ID, PRODUCT_NO, ORIGIN_NAME, CHANGE_NAME, FILE_PATH, FILE_LEVEL) 
VALUES (ATTACHMENT_SEQ.NEXTVAL, 36.0, '0372.jpg', '20190828095044853440.jpg', 'C:\Pigeon_Market\semi\Pigeon_Market\WebContent\resources\thumbnail_uploadFiles/', 0.0);

INSERT INTO ATTACHMENT (F_ID, PRODUCT_NO, ORIGIN_NAME, CHANGE_NAME, FILE_PATH, FILE_LEVEL) 
VALUES (ATTACHMENT_SEQ.NEXTVAL, 36.0, '0373.jpg', '20190828095044853450.jpg', 'C:\Pigeon_Market\semi\Pigeon_Market\WebContent\resources\thumbnail_uploadFiles/', 0.0);

INSERT INTO ATTACHMENT (F_ID, PRODUCT_NO, ORIGIN_NAME, CHANGE_NAME, FILE_PATH, FILE_LEVEL) 
VALUES (ATTACHMENT_SEQ.NEXTVAL, 36.0, '0374.jpg', '20190828095044853460.jpg', 'C:\Pigeon_Market\semi\Pigeon_Market\WebContent\resources\thumbnail_uploadFiles/', 0.0);

INSERT INTO ATTACHMENT (F_ID, PRODUCT_NO, ORIGIN_NAME, CHANGE_NAME, FILE_PATH, FILE_LEVEL) 
VALUES (ATTACHMENT_SEQ.NEXTVAL, 37.0, '0381.jpg', '20190828111044853420.jpg', 'C:\Pigeon_Market\semi\Pigeon_Market\WebContent\resources\thumbnail_uploadFiles/', 1.0);

INSERT INTO ATTACHMENT (F_ID, PRODUCT_NO, ORIGIN_NAME, CHANGE_NAME, FILE_PATH, FILE_LEVEL) 
VALUES (ATTACHMENT_SEQ.NEXTVAL, 37.0, 'ok.jpg', '20190828111044853430.jpg', 'C:\Pigeon_Market\semi\Pigeon_Market\WebContent\resources\thumbnail_uploadFiles/', 2.0);

INSERT INTO ATTACHMENT (F_ID, PRODUCT_NO, ORIGIN_NAME, CHANGE_NAME, FILE_PATH, FILE_LEVEL) 
VALUES(ATTACHMENT_SEQ.NEXTVAL,37.0, '0382.jpg', '20190828111044853440.jpg', 'C:\Pigeon_Market\semi\Pigeon_Market\WebContent\resources\thumbnail_uploadFiles/', 0.0);

INSERT INTO ATTACHMENT (F_ID, PRODUCT_NO, ORIGIN_NAME, CHANGE_NAME, FILE_PATH, FILE_LEVEL) 
VALUES (ATTACHMENT_SEQ.NEXTVAL,37.0, '0383.jpg', '20190828111044853450.jpg', 'C:\Pigeon_Market\semi\Pigeon_Market\WebContent\resources\thumbnail_uploadFiles/', 0.0);

INSERT INTO ATTACHMENT (F_ID, PRODUCT_NO, ORIGIN_NAME, CHANGE_NAME, FILE_PATH, FILE_LEVEL) 
VALUES (ATTACHMENT_SEQ.NEXTVAL, 37.0, '0381.jpg', '20190828111044853460.jpg', 'C:\Pigeon_Market\semi\Pigeon_Market\WebContent\resources\thumbnail_uploadFiles/', 0.0);

INSERT INTO ATTACHMENT (F_ID, PRODUCT_NO, ORIGIN_NAME, CHANGE_NAME, FILE_PATH, FILE_LEVEL) 
VALUES(ATTACHMENT_SEQ.NEXTVAL,38.0, '0391.jpg', '20190828131044853420.jpg', 'C:\Pigeon_Market\semi\Pigeon_Market\WebContent\resources\thumbnail_uploadFiles/', 1.0);

INSERT INTO ATTACHMENT (F_ID, PRODUCT_NO, ORIGIN_NAME, CHANGE_NAME, FILE_PATH, FILE_LEVEL) 
VALUES (ATTACHMENT_SEQ.NEXTVAL, 38.0, 'ok.jpg', '20190828131044853430.jpg', 'C:\Pigeon_Market\semi\Pigeon_Market\WebContent\resources\thumbnail_uploadFiles/', 2.0);

INSERT INTO ATTACHMENT (F_ID, PRODUCT_NO, ORIGIN_NAME, CHANGE_NAME, FILE_PATH, FILE_LEVEL) 
VALUES(ATTACHMENT_SEQ.NEXTVAL,8.0, '0392.jpg', '20190828131044853440.jpg', 'C:\Pigeon_Market\semi\Pigeon_Market\WebContent\resources\thumbnail_uploadFiles/', 0.0);

INSERT INTO ATTACHMENT (F_ID, PRODUCT_NO, ORIGIN_NAME, CHANGE_NAME, FILE_PATH, FILE_LEVEL) 
VALUES (ATTACHMENT_SEQ.NEXTVAL, 38.0, '0393.jpg', '20190828131044853450.jpg', 'C:\Pigeon_Market\semi\Pigeon_Market\WebContent\resources\thumbnail_uploadFiles/', 0.0);

INSERT INTO ATTACHMENT (F_ID, PRODUCT_NO, ORIGIN_NAME, CHANGE_NAME, FILE_PATH, FILE_LEVEL) 
VALUES (ATTACHMENT_SEQ.NEXTVAL, 38.0, '0394.jpg', '20190828131044853460.jpg', 'C:\Pigeon_Market\semi\Pigeon_Market\WebContent\resources\thumbnail_uploadFiles/', 0.0);

INSERT INTO ATTACHMENT (F_ID, PRODUCT_NO, ORIGIN_NAME, CHANGE_NAME, FILE_PATH, FILE_LEVEL) 
VALUES (ATTACHMENT_SEQ.NEXTVAL,39.0, '0401.jpg', '20190828141044853420.jpg', 'C:\Pigeon_Market\semi\Pigeon_Market\WebContent\resources\thumbnail_uploadFiles/', 1.0);

INSERT INTO ATTACHMENT (F_ID, PRODUCT_NO, ORIGIN_NAME, CHANGE_NAME, FILE_PATH, FILE_LEVEL) 
VALUES (ATTACHMENT_SEQ.NEXTVAL,39.0, 'ok.jpg', '20190828141044853430.jpg', 'C:\Pigeon_Market\semi\Pigeon_Market\WebContent\resources\thumbnail_uploadFiles/', 2.0);

INSERT INTO ATTACHMENT (F_ID, PRODUCT_NO, ORIGIN_NAME, CHANGE_NAME, FILE_PATH, FILE_LEVEL) 
VALUES (ATTACHMENT_SEQ.NEXTVAL, 39.0, '0402.jpg', '20190828141044853440.jpg', 'C:\Pigeon_Market\semi\Pigeon_Market\WebContent\resources\thumbnail_uploadFiles/', 0.0);

INSERT INTO ATTACHMENT (F_ID, PRODUCT_NO, ORIGIN_NAME, CHANGE_NAME, FILE_PATH, FILE_LEVEL) 
VALUES(ATTACHMENT_SEQ.NEXTVAL, 39.0, '0403.jpg', '20190828141044853450.jpg', 'C:\Pigeon_Market\semi\Pigeon_Market\WebContent\resources\thumbnail_uploadFiles/', 0.0);

INSERT INTO ATTACHMENT (F_ID, PRODUCT_NO, ORIGIN_NAME, CHANGE_NAME, FILE_PATH, FILE_LEVEL) 
VALUES (ATTACHMENT_SEQ.NEXTVAL, 39.0, '0404.jpg', '20190828141044853460.jpg', 'C:\Pigeon_Market\semi\Pigeon_Market\WebContent\resources\thumbnail_uploadFiles/', 0.0);

INSERT INTO ATTACHMENT (F_ID, PRODUCT_NO, ORIGIN_NAME, CHANGE_NAME, FILE_PATH, FILE_LEVEL) 
VALUES (ATTACHMENT_SEQ.NEXTVAL, 40.0, '0405.jpg', '20190828151044853420.jpg', 'C:\Pigeon_Market\semi\Pigeon_Market\WebContent\resources\thumbnail_uploadFiles/', 1.0);

INSERT INTO ATTACHMENT (F_ID, PRODUCT_NO, ORIGIN_NAME, CHANGE_NAME, FILE_PATH, FILE_LEVEL) 
VALUES (ATTACHMENT_SEQ.NEXTVAL, 40.0, 'ok.jpg', '20190828151044853430.jpg', 'C:\Pigeon_Market\semi\Pigeon_Market\WebContent\resources\thumbnail_uploadFiles/', 2.0);

INSERT INTO ATTACHMENT (F_ID, PRODUCT_NO, ORIGIN_NAME, CHANGE_NAME, FILE_PATH, FILE_LEVEL) 
VALUES(ATTACHMENT_SEQ.NEXTVAL, 40.0, '0406.jpg', '20190828151044853440.jpg', 'C:\Pigeon_Market\semi\Pigeon_Market\WebContent\resources\thumbnail_uploadFiles/', 0.0);

INSERT INTO ATTACHMENT (F_ID, PRODUCT_NO, ORIGIN_NAME, CHANGE_NAME, FILE_PATH, FILE_LEVEL) 
VALUES (ATTACHMENT_SEQ.NEXTVAL, 40.0, '0407.jpg', '20190828151044853450.jpg', 'C:\Pigeon_Market\semi\Pigeon_Market\WebContent\resources\thumbnail_uploadFiles/', 0.0);

INSERT INTO ATTACHMENT (F_ID, PRODUCT_NO, ORIGIN_NAME, CHANGE_NAME, FILE_PATH, FILE_LEVEL) 
VALUES(ATTACHMENT_SEQ.NEXTVAL,41.0, '0411.jpg', '20190828161044853420.jpg', 'C:\Pigeon_Market\semi\Pigeon_Market\WebContent\resources\thumbnail_uploadFiles/', 1.0);

INSERT INTO ATTACHMENT (F_ID, PRODUCT_NO, ORIGIN_NAME, CHANGE_NAME, FILE_PATH, FILE_LEVEL) 
VALUES(ATTACHMENT_SEQ.NEXTVAL, 41.0, 'ok.jpg', '20190828161044853430.jpg', 'C:\Pigeon_Market\semi\Pigeon_Market\WebContent\resources\thumbnail_uploadFiles/', 2.0);

INSERT INTO ATTACHMENT (F_ID, PRODUCT_NO, ORIGIN_NAME, CHANGE_NAME, FILE_PATH, FILE_LEVEL) 
VALUES (ATTACHMENT_SEQ.NEXTVAL, 42.0, '0421.jpg', '20190828201044853420.jpg', 'C:\Pigeon_Market\semi\Pigeon_Market\WebContent\resources\thumbnail_uploadFiles/', 1.0);

INSERT INTO ATTACHMENT (F_ID, PRODUCT_NO, ORIGIN_NAME, CHANGE_NAME, FILE_PATH, FILE_LEVEL) 
VALUES (ATTACHMENT_SEQ.NEXTVAL,42.0, 'ok.jpg', '20190828201044853430.jpg', 'C:\Pigeon_Market\semi\Pigeon_Market\WebContent\resources\thumbnail_uploadFiles/', 2.0);

INSERT INTO ATTACHMENT (F_ID, PRODUCT_NO, ORIGIN_NAME, CHANGE_NAME, FILE_PATH, FILE_LEVEL) 
VALUES (ATTACHMENT_SEQ.NEXTVAL, 42.0, '0422.jpg', '20190828201044853440.jpg', 'C:\Pigeon_Market\semi\Pigeon_Market\WebContent\resources\thumbnail_uploadFiles/', 0.0);





-- 상품승인 테이블
CREATE TABLE product_ok
(
    product_ok_no    NUMBER          NOT NULL, 
    product_no       NUMBER          NOT NULL, 
    Approval_date    DATE            NOT NULL, 
    p_id             VARCHAR2(20)    NOT NULL, 
    CONSTRAINT PRODUCT_OK_PK PRIMARY KEY (product_ok_no)
)
/

CREATE SEQUENCE product_ok_SEQ
/

COMMENT ON TABLE product_ok IS '상품 승인 리시트'
/

COMMENT ON COLUMN product_ok.product_ok_no IS '판매상품번호'
/

COMMENT ON COLUMN product_ok.product_no IS '판매대기번호'

/

COMMENT ON COLUMN product_ok.Approval_date IS '승인날짜'
/

COMMENT ON COLUMN product_ok.p_id IS '판매자아이디'
/

ALTER TABLE product_ok
    ADD CONSTRAINT FK_product_ok_p_id_Member_user FOREIGN KEY (p_id)
        REFERENCES Member (user_id)
/
-- 상품승인테이블 추가 시 상품테이블 승인상태 Y로 변경
CREATE OR REPLACE TRIGGER APPROVAL_UPDATE
AFTER INSERT
ON PRODUCT_OK 
FOR EACH ROW
BEGIN
    UPDATE Product
    SET APPROVAL = 'Y'
    WHERE PRODUCT_NO = :NEW.PRODUCT_NO;
END;
/



INSERT INTO PRODUCT_OK VALUES(PRODUCT_OK_SEQ.NEXTVAL, 1, SYSDATE, 'user10');
INSERT INTO PRODUCT_OK VALUES(PRODUCT_OK_SEQ.NEXTVAL, 2, SYSDATE, 'user11');
INSERT INTO PRODUCT_OK VALUES(PRODUCT_OK_SEQ.NEXTVAL, 3, SYSDATE, 'user12');
INSERT INTO PRODUCT_OK VALUES(PRODUCT_OK_SEQ.NEXTVAL, 4, SYSDATE, 'user13');
INSERT INTO PRODUCT_OK VALUES(PRODUCT_OK_SEQ.NEXTVAL, 5, SYSDATE, 'user14');
INSERT INTO PRODUCT_OK VALUES(PRODUCT_OK_SEQ.NEXTVAL, 6, SYSDATE, 'user15');
INSERT INTO PRODUCT_OK VALUES(PRODUCT_OK_SEQ.NEXTVAL, 7, SYSDATE, 'user16');
INSERT INTO PRODUCT_OK VALUES(PRODUCT_OK_SEQ.NEXTVAL, 8, SYSDATE, 'user17');
INSERT INTO PRODUCT_OK VALUES(PRODUCT_OK_SEQ.NEXTVAL, 9, SYSDATE, 'user10');
INSERT INTO PRODUCT_OK VALUES(PRODUCT_OK_SEQ.NEXTVAL, 10, SYSDATE, 'user11');
INSERT INTO PRODUCT_OK VALUES(PRODUCT_OK_SEQ.NEXTVAL, 11, SYSDATE, 'user12');
INSERT INTO PRODUCT_OK VALUES(PRODUCT_OK_SEQ.NEXTVAL, 12, SYSDATE, 'user13');
INSERT INTO PRODUCT_OK VALUES(PRODUCT_OK_SEQ.NEXTVAL, 13, SYSDATE, 'user14');
INSERT INTO PRODUCT_OK VALUES(PRODUCT_OK_SEQ.NEXTVAL, 14, SYSDATE, 'user15');
INSERT INTO PRODUCT_OK VALUES(PRODUCT_OK_SEQ.NEXTVAL, 15, SYSDATE, 'user16');
INSERT INTO PRODUCT_OK VALUES(PRODUCT_OK_SEQ.NEXTVAL, 16, SYSDATE, 'user17');
INSERT INTO PRODUCT_OK VALUES(PRODUCT_OK_SEQ.NEXTVAL, 17, SYSDATE, 'user10');
INSERT INTO PRODUCT_OK VALUES(PRODUCT_OK_SEQ.NEXTVAL, 18, SYSDATE, 'user11');
INSERT INTO PRODUCT_OK VALUES(PRODUCT_OK_SEQ.NEXTVAL, 19, SYSDATE, 'user12');
INSERT INTO PRODUCT_OK VALUES(PRODUCT_OK_SEQ.NEXTVAL, 20, SYSDATE, 'user13');
INSERT INTO PRODUCT_OK VALUES(PRODUCT_OK_SEQ.NEXTVAL, 21, SYSDATE, 'user14');
INSERT INTO PRODUCT_OK VALUES(PRODUCT_OK_SEQ.NEXTVAL, 22, SYSDATE, 'user15');
INSERT INTO PRODUCT_OK VALUES(PRODUCT_OK_SEQ.NEXTVAL, 23, SYSDATE, 'user16');
INSERT INTO PRODUCT_OK VALUES(PRODUCT_OK_SEQ.NEXTVAL, 24, SYSDATE, 'user17');
INSERT INTO PRODUCT_OK VALUES(PRODUCT_OK_SEQ.NEXTVAL, 25, SYSDATE, 'user10');
INSERT INTO PRODUCT_OK VALUES(PRODUCT_OK_SEQ.NEXTVAL, 26, SYSDATE, 'user11');
INSERT INTO PRODUCT_OK VALUES(PRODUCT_OK_SEQ.NEXTVAL, 27, SYSDATE, 'user12');
INSERT INTO PRODUCT_OK VALUES(PRODUCT_OK_SEQ.NEXTVAL, 28, SYSDATE, 'user13');
INSERT INTO PRODUCT_OK VALUES(PRODUCT_OK_SEQ.NEXTVAL, 29, SYSDATE, 'user14');
INSERT INTO PRODUCT_OK VALUES(PRODUCT_OK_SEQ.NEXTVAL, 30, SYSDATE, 'user15');
INSERT INTO PRODUCT_OK VALUES(PRODUCT_OK_SEQ.NEXTVAL, 31, SYSDATE, 'user16');
INSERT INTO PRODUCT_OK VALUES(PRODUCT_OK_SEQ.NEXTVAL, 32, SYSDATE, 'user17');


-- 장바구니테이블
CREATE TABLE shopping_basket
(
    product_ok_no    NUMBER          NOT NULL, 
    b_id             VARCHAR2(20)    NOT NULL
)
/

COMMENT ON TABLE shopping_basket IS '장바구니리스트'
/

COMMENT ON COLUMN shopping_basket.product_ok_no IS '판매상품번호'
/

COMMENT ON COLUMN shopping_basket.b_id IS '접속자아이디'
/

ALTER TABLE shopping_basket
    ADD CONSTRAINT FK_shopping_basket_product_ok_ FOREIGN KEY (product_ok_no)
        REFERENCES product_ok (product_ok_no)
/

ALTER TABLE shopping_basket
    ADD CONSTRAINT FK_shopping_basket_b_id_Member FOREIGN KEY (b_id)
        REFERENCES Member (user_id)
/

-- 결제 테이블
CREATE TABLE Payment
(
    Payment_no       NUMBER          NOT NULL, 
    b_id             VARCHAR2(20)    NOT NULL, 
    product_ok_no    NUMBER          NOT NULL, 
    price            NUMBER          NOT NULL, 
    product_state    VARCHAR2(1)     NOT NULL, 
    user_state       VARCHAR2(1)     NOT NULL,
    deal_date	     Date	     NULL,
    CONSTRAINT PAYMENT_PK PRIMARY KEY (Payment_no)
)
/

CREATE SEQUENCE Payment_SEQ

/

COMMENT ON TABLE Payment IS '결제리스트'
/

COMMENT ON COLUMN Payment.Payment_no IS '결제번호'
/

COMMENT ON COLUMN Payment.b_id IS '결제아이디'
/

COMMENT ON COLUMN Payment.product_ok_no IS '판매상품번호'
/

COMMENT ON COLUMN Payment.price IS '판매가격'
/

COMMENT ON COLUMN Payment.product_state IS '판매완료'
/

COMMENT ON COLUMN Payment.user_state IS '결제 상태'
/

COMMENT ON COLUMN Payment.deal_date IS '구매 날짜'
/

ALTER TABLE Payment
    ADD CONSTRAINT FK_Payment_b_id_Member_user_id FOREIGN KEY (b_id)
        REFERENCES Member (user_id)
/

ALTER TABLE Payment
    ADD CONSTRAINT FK_Payment_product_ok_no_produ FOREIGN KEY (product_ok_no)
        REFERENCES product_ok (product_ok_no)
/

-- 상품 판매 완료시 상품테이블 판매상태 변경
CREATE OR REPLACE TRIGGER PRODUCT_STATE_UPDATE
AFTER UPDATE
ON PAYMENT
FOR EACH ROW
BEGIN
    IF :NEW.PRODUCT_STATE='Y'
    THEN
        UPDATE Product P
        SET P.PRODUCT_STATE = 'Y'
         WHERE P.PRODUCT_NO =(SELECT PRODUCT_NO
                        FROM PRODUCT_OK
                        JOIN Product USING(PRODUCT_NO)
                        WHERE PRODUCT_OK_NO = :NEW.PRODUCT_OK_NO);
        END IF;
END;
/

INSERT INTO PAYMENT VALUES(PAYMENT_SEQ.NEXTVAL, 'user01', 1, 10000, 'N', 'N', NULL);
INSERT INTO PAYMENT VALUES(PAYMENT_SEQ.NEXTVAL, 'user01', 2, 20000, 'N', 'N', NULL);
INSERT INTO PAYMENT VALUES(PAYMENT_SEQ.NEXTVAL, 'user01', 3, 30000, 'N', 'Y', NULL);
INSERT INTO PAYMENT VALUES(PAYMENT_SEQ.NEXTVAL, 'user01', 4, 40000, 'Y', 'Y', SYSDATE);
INSERT INTO PAYMENT VALUES(PAYMENT_SEQ.NEXTVAL, 'user01', 5, 50000, 'Y', 'Y', SYSDATE);
INSERT INTO PAYMENT VALUES(PAYMENT_SEQ.NEXTVAL, 'user01', 6, 60000, 'Y', 'Y', SYSDATE);
INSERT INTO PAYMENT VALUES(PAYMENT_SEQ.NEXTVAL, 'user01', 7, 70000, 'N', 'N', NULL);
INSERT INTO PAYMENT VALUES(PAYMENT_SEQ.NEXTVAL, 'user01', 8, 80000, 'N', 'Y', NULL);
INSERT INTO PAYMENT VALUES(PAYMENT_SEQ.NEXTVAL, 'user01', 9, 90000, 'N', 'Y', NULL);
INSERT INTO PAYMENT VALUES(PAYMENT_SEQ.NEXTVAL, 'user02', 10, 100000, 'N', 'N', NULL);
INSERT INTO PAYMENT VALUES(PAYMENT_SEQ.NEXTVAL, 'user02', 11, 110000, 'Y', 'Y', SYSDATE);
INSERT INTO PAYMENT VALUES(PAYMENT_SEQ.NEXTVAL, 'user02', 12, 120000, 'Y', 'Y', SYSDATE);
INSERT INTO PAYMENT VALUES(PAYMENT_SEQ.NEXTVAL, 'user02', 13, 130000, 'N', 'N', NULL);
INSERT INTO PAYMENT VALUES(PAYMENT_SEQ.NEXTVAL, 'user02', 14, 140000, 'N', 'N', NULL);
INSERT INTO PAYMENT VALUES(PAYMENT_SEQ.NEXTVAL, 'user02', 15, 150000, 'N', 'Y', NULL);
INSERT INTO PAYMENT VALUES(PAYMENT_SEQ.NEXTVAL, 'user02', 16, 160000, 'Y', 'Y', SYSDATE);
INSERT INTO PAYMENT VALUES(PAYMENT_SEQ.NEXTVAL, 'user02', 17, 170000, 'Y', 'Y', SYSDATE);
INSERT INTO PAYMENT VALUES(PAYMENT_SEQ.NEXTVAL, 'user02', 18, 180000, 'Y', 'Y', SYSDATE);
INSERT INTO PAYMENT VALUES(PAYMENT_SEQ.NEXTVAL, 'user03', 19, 190000, 'N', 'N', NULL);
INSERT INTO PAYMENT VALUES(PAYMENT_SEQ.NEXTVAL, 'user03', 20, 200000, 'N', 'N', NULL);
INSERT INTO PAYMENT VALUES(PAYMENT_SEQ.NEXTVAL, 'user03', 21, 210000, 'N', 'Y', NULL);
INSERT INTO PAYMENT VALUES(PAYMENT_SEQ.NEXTVAL, 'user03', 22, 220000, 'Y', 'Y', SYSDATE);
INSERT INTO PAYMENT VALUES(PAYMENT_SEQ.NEXTVAL, 'user03', 23, 230000, 'Y', 'Y', SYSDATE);
INSERT INTO PAYMENT VALUES(PAYMENT_SEQ.NEXTVAL, 'user03', 24, 240000, 'Y', 'Y', SYSDATE);
INSERT INTO PAYMENT VALUES(PAYMENT_SEQ.NEXTVAL, 'user03', 25, 250000, 'N', 'Y', NULL);
INSERT INTO PAYMENT VALUES(PAYMENT_SEQ.NEXTVAL, 'user03', 26, 260000, 'N', 'N', NULL);
INSERT INTO PAYMENT VALUES(PAYMENT_SEQ.NEXTVAL, 'user03', 27, 270000, 'N', 'Y', NULL);
INSERT INTO PAYMENT VALUES(PAYMENT_SEQ.NEXTVAL, 'user03', 28, 280000, 'Y', 'Y', SYSDATE);
INSERT INTO PAYMENT VALUES(PAYMENT_SEQ.NEXTVAL, 'user04', 29, 290000, 'Y', 'Y', SYSDATE);
INSERT INTO PAYMENT VALUES(PAYMENT_SEQ.NEXTVAL, 'user04', 30, 300000, 'Y', 'Y', SYSDATE);
INSERT INTO PAYMENT VALUES(PAYMENT_SEQ.NEXTVAL, 'user04', 31, 310000, 'N', 'N', NULL);
INSERT INTO PAYMENT VALUES(PAYMENT_SEQ.NEXTVAL, 'user04', 32, 320000, 'Y', 'Y', SYSDATE);


-- 공지사항 / 이벤트 테이블
CREATE TABLE Notice
(
    Notice_no           NUMBER          NOT NULL,
    Notice_type		NUMBER		NOT NULL, 
    Notice_title        VARCHAR2(20)    NOT NULL, 
    Notice_content      VARCHAR2(1000)  NOT NULL, 
    Notice_date         Date		DEFAULT SYSDATE NOT NULL, 
    Notice_readcount    NUMBER          DEFAULT 0 NULL, 
    Status		VARCHAR2(1)	DEFAULT 'Y' NOT NULL,
    CONSTRAINT NOTICE_PK PRIMARY KEY (Notice_no)
)
/

CREATE SEQUENCE Notice_SEQ

/

COMMENT ON TABLE Notice IS '공지사항'
/

COMMENT ON COLUMN Notice.Notice_no IS '공지사항글번호'
/

COMMENT ON COLUMN Notice.Notice_type IS '공지사항 타입'
/

COMMENT ON COLUMN Notice.Notice_title IS '공지사항제목'
/

COMMENT ON COLUMN Notice.Notice_content IS '공지사항내용'
/

COMMENT ON COLUMN Notice.Notice_date IS '공지사항등록일'
/

COMMENT ON COLUMN Notice.Notice_readcount IS '공지사항조회수'
/

COMMENT ON COLUMN Notice.status IS '공지사항 상태'
/

INSERT INTO NOTICE VALUES(NOTICE_SEQ.NEXTVAL, 1, '첫번째 공지', '첫번째 공지입니다.', SYSDATE, '0', DEFAULT);
INSERT INTO NOTICE VALUES(NOTICE_SEQ.NEXTVAL, 1, '두번째 공지', '두번째 공지입니다.', SYSDATE, '0', DEFAULT);
INSERT INTO NOTICE VALUES(NOTICE_SEQ.NEXTVAL, 2, '첫번째 이벤트', '첫번째 이벤트입니다.', SYSDATE, '0', DEFAULT);
INSERT INTO NOTICE VALUES(NOTICE_SEQ.NEXTVAL, 2, '두번째 이벤트', '두번째 이벤트입니다.', SYSDATE, '0', DEFAULT);


-- 리뷰테이블
CREATE TABLE review
(
    review_no           NUMBER          NOT NULL, 
    review_title        VARCHAR2(20)    NOT NULL, 
    review_content      VARCHAR2(1000)  NOT NULL, 
    review_date         Date		    DEFAULT SYSDATE NOT NULL, 
    review_readcount    NUMBER          DEFAULT 0 NULL, 
    user_id             VARCHAR2(20)    NOT NULL,
    status	       	VARCHAR2(1)	 DEFAULT 'Y' NOT NULL,	
    CONSTRAINT REVIEW_PK PRIMARY KEY (review_no)
)
/

CREATE SEQUENCE review_SEQ

/

COMMENT ON TABLE review IS '리뷰'
/

COMMENT ON COLUMN review.review_no IS '리뷰글번호'
/

COMMENT ON COLUMN review.review_title IS '리뷰제목'
/

COMMENT ON COLUMN review.review_content IS '리뷰내용'
/

COMMENT ON COLUMN review.review_date IS '리뷰등록일'
/

COMMENT ON COLUMN review.review_readcount IS '리뷰조회수'
/

COMMENT ON COLUMN review.user_id IS '등록아이디'
/

COMMENT ON COLUMN review.status IS '리뷰 상태'
/

ALTER TABLE review
    ADD CONSTRAINT FK_review_user_id_Member_user_ FOREIGN KEY (user_id)
        REFERENCES Member (user_id)
/

INSERT INTO REVIEW VALUES(REVIEW_SEQ.NEXTVAL, '첫번째 리뷰', '첫번째 리뷰입니다.', SYSDATE, 0, 'user01', DEFAULT);
INSERT INTO REVIEW VALUES(REVIEW_SEQ.NEXTVAL, '두번째 리뷰', '두번째 리뷰입니다.', SYSDATE, 0, 'user02', DEFAULT);
INSERT INTO REVIEW VALUES(REVIEW_SEQ.NEXTVAL, '세번째 리뷰', '세번째 리뷰입니다.', SYSDATE, 0, 'user03', DEFAULT);

-- 문의 테이블
CREATE TABLE inquiry
(
    inquiry_no         NUMBER            NOT NULL, 
    inquiry_title      VARCHAR2(1000)    NOT NULL, 
    inquiry_content    VARCHAR2(1000)    NOT NULL, 
    inquiry_date       DATE              DEFAULT SYSDATE NOT NULL, 
    user_id            VARCHAR2(20)      NOT NULL, 
    inquiry_answer     VARCHAR2(1000)    NULL, 
    answer_date        DATE              NULL, 
    answer_state       VARCHAR2(1)       DEFAULT 'N' NOT NULL,
    user_lock	       VARCHAR2(1)	 DEFAULT 'N' NOT NULL,
    status	       VARCHAR2(1)	 DEFAULT 'Y' NOT NULL,
    CONSTRAINT INQUIRY_PK PRIMARY KEY (inquiry_no)
)
/

CREATE SEQUENCE inquiry_SEQ

/


COMMENT ON TABLE inquiry IS '문의'
/

COMMENT ON COLUMN inquiry.inquiry_no IS '문의번호'
/

COMMENT ON COLUMN inquiry.inquiry_title IS '문의제목'
/

COMMENT ON COLUMN inquiry.inquiry_content IS '문의내용'
/

COMMENT ON COLUMN inquiry.inquiry_date IS '문의 등록일'
/

COMMENT ON COLUMN inquiry.user_id IS '문의자아아디'
/

COMMENT ON COLUMN inquiry.inquiry_answer IS '문의답변'
/

COMMENT ON COLUMN inquiry.answer_date IS '답변일'
/

COMMENT ON COLUMN inquiry.answer_state IS '답변상태'
/

COMMENT ON COLUMN inquiry.user_lock IS '공개여부'
/

COMMENT ON COLUMN inquiry.status IS '리뷰 상태'
/

ALTER TABLE inquiry
    ADD CONSTRAINT FK_inquiry_user_id_Member_user FOREIGN KEY (user_id)
        REFERENCES Member (user_id)
/


INSERT INTO INQUIRY VALUES(INQUIRY_SEQ.NEXTVAL, '첫번째 문의', '첫번째 문의입니다.', SYSDATE, 'user01', '첫번째 문의 답변입니다.', SYSDATE, 'Y', DEFAULT, DEFAULT);
INSERT INTO INQUIRY VALUES(INQUIRY_SEQ.NEXTVAL, '두번째 문의', '두번째 문의입니다.', SYSDATE, 'user02', '두번째 문의 답변입니다.', SYSDATE, 'Y', DEFAULT, DEFAULT);
INSERT INTO INQUIRY VALUES(INQUIRY_SEQ.NEXTVAL, '세번째 문의', '세번째 문의입니다.', SYSDATE, 'user10', NULL, NULL, 'N', DEFAULT, DEFAULT);


-- 상품구입 뷰테이블
CREATE OR REPLACE VIEW PRODUCT_SALE
as
SELECT PRODUCT_OK_NO, pok.P_ID, PRICE, CATEGORY_CODE, PRODUCT_TITLE, PRODUCT_CONTENTS, REG_DATE, APPROVAL_DATE, PRODUCT_STATE, STATUS
FROM PRODUCT_OK pok
JOIN PRODUCT USING(PRODUCT_NO);


-- 상품구입 사진 뷰테이블
CREATE OR REPLACE VIEW ATTACHMENT_SALE
as
SELECT F_ID, PRODUCT_OK_NO, ORIGIN_NAME, CHANGE_NAME, FILE_PATH, FILE_LEVEL
FROM ATTACHMENT
JOIN PRODUCT_OK USING(PRODUCT_NO);

create or replace view blist 
as((
select ROWNUM PNUM, B.* from
(
SELECT ROWNUM RNUM, A.* 
FROM (SELECT * FROM NOTICE) A
ORDER BY 1 DESC
)B
)
)
/

-- 상품구입 카테고리 리스트
create or replace view CATEGORY_SALE
as(
    SELECT DISTINCT CATEGORY_NAME, CATEGORY_CODE FROM CATEGORY
    JOIN PRODUCT_SALE USING(CATEGORY_CODE)) 
ORDER BY CATEGORY_CODE;


